POSITION,CLUB,POINTS,JOURNEE,GAGNES,NULS,PERDUS,BUTS_POUR,BUTS_CONTRE,DIFF
1,CLERMONT FOOT 63,3,1,1,0,0,2,0,+2
2,ANGERS SCO,3,1,1,0,0,2,0,+2
3,OLYMPIQUE DE MARSEILLE,3,1,1,0,0,3,2,+1
4,PARIS SAINT-GERMAIN,3,1,1,0,0,2,1,+1
5,LOSC LILLE,1,1,0,1,0,3,3,0
6,FC METZ,1,1,0,1,0,3,3,0
7,FC NANTES,1,1,0,1,0,1,1,0
8,STADE BRESTOIS 29,1,1,0,1,0,1,1,0
9,RC LENS,1,1,0,1,0,1,1,0
10,FC LORIENT,1,1,0,1,0,1,1,0
11,AS MONACO,1,1,0,1,0,1,1,0
12,STADE RENNAIS FC,1,1,0,1,0,1,1,0
13,OLYMPIQUE LYONNAIS,1,1,0,1,0,1,1,0
14,AS SAINT-ÉTIENNE,1,1,0,1,0,1,1,0
15,OGC NICE,1,1,0,1,0,0,0,0
16,STADE DE REIMS,1,1,0,1,0,0,0,0
17,MONTPELLIER HÉRAULT SC,0,1,0,0,1,2,3,-1
18,ESTAC TROYES,0,1,0,0,1,1,2,-1
19,FC GIRONDINS DE BORDEAUX,0,1,0,0,1,0,2,-2
20,RC STRASBOURG ALSACE,0,1,0,0,1,0,2,-2
1,ANGERS SCO,6,2,2,0,0,5,0,+5
2,CLERMONT FOOT 63,6,2,2,0,0,4,0,+4
3,PARIS SAINT-GERMAIN,6,2,2,0,0,6,3,+3
4,OGC NICE,4,2,1,1,0,4,0,+4
5,FC NANTES,4,2,1,1,0,3,1,+2
6,OLYMPIQUE DE MARSEILLE,4,2,1,1,0,5,4,+1
7,FC LORIENT,4,2,1,1,0,2,1,+1
8,AS SAINT-ÉTIENNE,2,2,0,2,0,3,3,0
9,RC LENS,2,2,0,2,0,3,3,0
10,STADE DE REIMS,2,2,0,2,0,3,3,0
11,STADE RENNAIS FC,2,2,0,2,0,2,2,0
12,STADE BRESTOIS 29,2,2,0,2,0,2,2,0
13,MONTPELLIER HÉRAULT SC,1,2,0,1,1,5,6,-1
14,AS MONACO,1,2,0,1,1,1,2,-1
15,FC METZ,1,2,0,1,1,3,5,-2
16,FC GIRONDINS DE BORDEAUX,1,2,0,1,1,2,4,-2
17,OLYMPIQUE LYONNAIS,1,2,0,1,1,1,4,-3
18,LOSC LILLE,1,2,0,1,1,3,7,-4
19,ESTAC TROYES,0,2,0,0,2,1,4,-3
20,RC STRASBOURG ALSACE,0,2,0,0,2,2,6,-4
1,PARIS SAINT-GERMAIN,9,3,3,0,0,10,5,+5
2,ANGERS SCO,7,3,2,1,0,6,1,+5
3,CLERMONT FOOT 63,7,3,2,1,0,7,3,+4
4,RC LENS,5,3,1,2,0,5,3,+2
5,OLYMPIQUE DE MARSEILLE,5,3,1,2,0,6,5,+1
6,STADE RENNAIS FC,5,3,1,2,0,3,2,+1
7,OGC NICE,4,3,1,2,0,5,1,+4
8,MONTPELLIER HÉRAULT SC,4,3,1,1,1,8,7,+1
9,FC NANTES,4,3,1,1,1,3,2,+1
10,FC LORIENT,4,3,1,1,1,3,4,-1
11,AS SAINT-ÉTIENNE,3,3,0,3,0,4,4,0
12,STADE DE REIMS,3,3,0,3,0,4,4,0
13,STADE BRESTOIS 29,2,3,0,2,1,4,6,-2
14,FC METZ,2,3,0,2,1,4,6,-2
15,FC GIRONDINS DE BORDEAUX,2,3,0,2,1,3,5,-2
16,OLYMPIQUE LYONNAIS,2,3,0,2,1,4,7,-3
17,LOSC LILLE,2,3,0,2,1,4,8,-4
18,ESTAC TROYES,1,3,0,1,2,2,5,-3
19,AS MONACO,1,3,0,1,2,1,4,-3
20,RC STRASBOURG ALSACE,1,3,0,1,2,3,7,-4
1,PARIS SAINT-GERMAIN,12,4,4,0,0,12,5,+7
2,ANGERS SCO,10,4,3,1,0,8,1,+7
3,CLERMONT FOOT 63,8,4,2,2,0,9,5,+4
4,OLYMPIQUE DE MARSEILLE,8,4,2,2,0,9,6,+3
5,OGC NICE,7,4,2,2,0,9,1,+8
6,RC LENS,6,4,1,3,0,7,5,+2
7,FC LORIENT,5,4,1,2,1,5,6,-1
8,STADE RENNAIS FC,5,4,1,2,1,3,4,-1
9,OLYMPIQUE LYONNAIS,5,4,1,2,1,5,7,-2
10,LOSC LILLE,5,4,1,2,1,6,9,-3
11,MONTPELLIER HÉRAULT SC,4,4,1,1,2,9,9,0
12,FC NANTES,4,4,1,1,2,3,3,0
13,RC STRASBOURG ALSACE,4,4,1,1,2,6,8,-2
14,AS MONACO,4,4,1,1,2,3,5,-2
15,FC METZ,3,4,0,3,1,6,8,-2
16,AS SAINT-ÉTIENNE,3,4,0,3,1,5,7,-2
17,STADE DE REIMS,3,4,0,3,1,4,6,-2
18,STADE BRESTOIS 29,2,4,0,2,2,5,9,-4
19,FC GIRONDINS DE BORDEAUX,2,4,0,2,2,3,9,-6
20,ESTAC TROYES,1,4,0,1,3,3,7,-4
1,PARIS SAINT-GERMAIN,15,5,5,0,0,16,5,+11
2,ANGERS SCO,11,5,3,2,0,9,2,+7
3,OLYMPIQUE DE MARSEILLE,11,5,3,2,0,11,6,+5
4,OGC NICE,10,5,3,2,0,11,1,+10
5,RC LENS,9,5,2,3,0,10,7,+3
6,CLERMONT FOOT 63,8,5,2,2,1,9,9,0
7,OLYMPIQUE LYONNAIS,8,5,2,2,1,8,8,0
8,FC LORIENT,8,5,2,2,1,7,7,0
9,MONTPELLIER HÉRAULT SC,7,5,2,1,2,11,9,+2
10,STADE DE REIMS,6,5,1,3,1,6,6,0
11,STADE RENNAIS FC,5,5,1,2,2,3,6,-3
12,LOSC LILLE,5,5,1,2,2,7,11,-4
13,ESTAC TROYES,4,5,1,1,3,5,7,-2
14,FC NANTES,4,5,1,1,3,3,5,-2
15,RC STRASBOURG ALSACE,4,5,1,1,3,7,11,-4
16,AS MONACO,4,5,1,1,3,3,7,-4
17,STADE BRESTOIS 29,3,5,0,3,2,6,10,-4
18,FC METZ,3,5,0,3,2,6,10,-4
19,AS SAINT-ÉTIENNE,3,5,0,3,2,5,9,-4
20,FC GIRONDINS DE BORDEAUX,2,5,0,2,3,5,12,-7
1,PARIS SAINT-GERMAIN,18,6,6,0,0,18,6,+12
2,OLYMPIQUE DE MARSEILLE,14,6,4,2,0,13,6,+7
3,RC LENS,12,6,3,3,0,11,7,+4
4,OGC NICE,11,6,3,3,0,13,3,+10
5,ANGERS SCO,11,6,3,2,1,10,6,+4
6,CLERMONT FOOT 63,9,6,2,3,1,10,10,0
7,FC LORIENT,9,6,2,3,1,7,7,0
8,MONTPELLIER HÉRAULT SC,8,6,2,2,2,12,10,+2
9,OLYMPIQUE LYONNAIS,8,6,2,2,2,9,10,-1
10,FC NANTES,7,6,2,1,3,7,6,+1
11,STADE DE REIMS,7,6,1,4,1,6,6,0
12,RC STRASBOURG ALSACE,7,6,2,1,3,10,11,-1
13,ESTAC TROYES,5,6,1,2,3,6,8,-2
14,AS MONACO,5,6,1,2,3,5,9,-4
15,LOSC LILLE,5,6,1,2,3,7,12,-5
16,STADE RENNAIS FC,5,6,1,2,3,3,8,-5
17,FC GIRONDINS DE BORDEAUX,5,6,1,2,3,7,13,-6
18,STADE BRESTOIS 29,4,6,0,4,2,7,11,-4
19,AS SAINT-ÉTIENNE,3,6,0,3,3,6,11,-5
20,FC METZ,3,6,0,3,3,6,13,-7
1,PARIS SAINT-GERMAIN,21,7,7,0,0,20,7,+13
2,OLYMPIQUE DE MARSEILLE,15,7,4,3,0,13,6,+7
3,ANGERS SCO,12,7,3,3,1,10,6,+4
4,RC LENS,12,7,3,3,1,11,8,+3
5,FC LORIENT,12,7,3,3,1,8,7,+1
6,OGC NICE,11,7,3,3,1,13,4,+9
7,OLYMPIQUE LYONNAIS,11,7,3,2,2,12,11,+1
8,FC NANTES,10,7,3,1,3,10,7,+3
9,RC STRASBOURG ALSACE,10,7,3,1,3,11,11,0
10,MONTPELLIER HÉRAULT SC,9,7,2,3,2,15,13,+2
11,CLERMONT FOOT 63,9,7,2,3,2,10,16,-6
12,STADE RENNAIS FC,8,7,2,2,3,9,8,+1
13,AS MONACO,8,7,2,2,3,8,10,-2
14,LOSC LILLE,8,7,2,2,3,9,13,-4
15,STADE DE REIMS,7,7,1,4,2,7,8,-1
16,FC GIRONDINS DE BORDEAUX,6,7,1,3,3,10,16,-6
17,ESTAC TROYES,5,7,1,2,4,7,11,-4
18,STADE BRESTOIS 29,4,7,0,4,3,8,14,-6
19,AS SAINT-ÉTIENNE,3,7,0,3,4,7,14,-7
20,FC METZ,3,7,0,3,4,7,15,-8
1,PARIS SAINT-GERMAIN,24,8,8,0,0,22,7,+15
2,OLYMPIQUE DE MARSEILLE,15,8,4,3,1,15,9,+6
3,RC LENS,15,8,4,3,1,14,10,+4
4,OGC NICE,14,8,4,3,1,16,4,+12
5,ANGERS SCO,13,8,3,4,1,11,7,+4
6,FC LORIENT,13,8,3,4,1,9,8,+1
7,OLYMPIQUE LYONNAIS,12,8,3,3,2,13,12,+1
8,AS MONACO,11,8,3,2,3,11,11,0
9,LOSC LILLE,11,8,3,2,3,11,14,-3
10,FC NANTES,10,8,3,1,4,11,10,+1
11,STADE DE REIMS,10,8,2,4,2,10,9,+1
12,RC STRASBOURG ALSACE,10,8,3,1,4,12,13,-1
13,STADE RENNAIS FC,9,8,2,3,3,10,9,+1
14,MONTPELLIER HÉRAULT SC,9,8,2,3,3,15,15,0
15,CLERMONT FOOT 63,9,8,2,3,3,11,19,-8
16,FC GIRONDINS DE BORDEAUX,7,8,1,4,3,11,17,-6
17,ESTAC TROYES,6,8,1,3,4,8,12,-4
18,FC METZ,6,8,1,3,4,9,16,-7
19,STADE BRESTOIS 29,4,8,0,4,4,9,16,-7
20,AS SAINT-ÉTIENNE,3,8,0,3,5,7,17,-10
1,PARIS SAINT-GERMAIN,24,9,8,0,1,22,9,+13
2,RC LENS,18,9,5,3,1,16,10,+6
3,OGC NICE,17,9,5,3,1,18,5,+13
4,ANGERS SCO,16,9,4,4,1,14,9,+5
5,OLYMPIQUE DE MARSEILLE,15,9,4,3,2,15,11,+4
6,AS MONACO,14,9,4,2,3,14,11,+3
7,FC LORIENT,14,9,3,5,1,10,9,+1
8,LOSC LILLE,14,9,4,2,3,13,14,-1
9,FC NANTES,13,9,4,1,4,13,10,+3
10,OLYMPIQUE LYONNAIS,13,9,3,4,2,14,13,+1
11,STADE RENNAIS FC,12,9,3,3,3,12,9,+3
12,RC STRASBOURG ALSACE,11,9,3,2,4,13,14,-1
13,MONTPELLIER HÉRAULT SC,10,9,2,4,3,16,16,0
14,STADE DE REIMS,10,9,2,4,3,10,11,-1
15,CLERMONT FOOT 63,10,9,2,4,3,12,20,-8
16,FC GIRONDINS DE BORDEAUX,7,9,1,4,4,11,20,-9
17,ESTAC TROYES,6,9,1,3,5,8,14,-6
18,FC METZ,6,9,1,3,5,11,19,-8
19,STADE BRESTOIS 29,4,9,0,4,5,10,18,-8
20,AS SAINT-ÉTIENNE,4,9,0,4,5,8,18,-10
1,PARIS SAINT-GERMAIN,27,10,9,0,1,24,10,+14
2,OLYMPIQUE DE MARSEILLE,18,10,5,3,2,19,12,+7
3,RC LENS,18,10,5,3,2,16,11,+5
4,OGC NICE,17,10,5,3,2,18,6,+12
5,ANGERS SCO,16,10,4,4,2,15,11,+4
6,OLYMPIQUE LYONNAIS,16,10,4,4,2,16,13,+3
7,STADE RENNAIS FC,15,10,4,3,3,15,9,+6
8,RC STRASBOURG ALSACE,14,10,4,2,4,18,15,+3
9,FC NANTES,14,10,4,2,4,14,11,+3
10,AS MONACO,14,10,4,2,4,14,13,+1
11,LOSC LILLE,14,10,4,2,4,13,15,-2
12,FC LORIENT,14,10,3,5,2,11,13,-2
13,MONTPELLIER HÉRAULT SC,13,10,3,4,3,17,16,+1
14,CLERMONT FOOT 63,13,10,3,4,3,13,20,-7
15,STADE DE REIMS,11,10,2,5,3,11,12,-1
16,ESTAC TROYES,9,10,2,3,5,9,14,-5
17,FC GIRONDINS DE BORDEAUX,8,10,1,5,4,12,21,-9
18,FC METZ,6,10,1,3,6,11,22,-11
19,STADE BRESTOIS 29,5,10,0,5,5,11,19,-8
20,AS SAINT-ÉTIENNE,4,10,0,4,6,9,23,-14
1,PARIS SAINT-GERMAIN,28,11,9,1,1,24,10,+14
2,RC LENS,21,11,6,3,2,20,12,+8
3,OGC NICE,20,11,6,3,2,21,8,+13
4,OLYMPIQUE DE MARSEILLE,19,11,5,4,2,19,12,+7
5,STADE RENNAIS FC,18,11,5,3,3,16,9,+7
6,ANGERS SCO,17,11,4,5,2,17,13,+4
7,FC NANTES,17,11,5,2,4,16,12,+4
8,AS MONACO,17,11,5,2,4,17,14,+3
9,OLYMPIQUE LYONNAIS,16,11,4,4,3,18,16,+2
10,LOSC LILLE,15,11,4,3,4,14,16,-2
11,FC LORIENT,15,11,3,6,2,12,14,-2
12,RC STRASBOURG ALSACE,14,11,4,2,5,18,16,+2
13,MONTPELLIER HÉRAULT SC,13,11,3,4,4,18,19,-1
14,CLERMONT FOOT 63,13,11,3,4,4,14,22,-8
15,ESTAC TROYES,12,11,3,3,5,11,15,-4
16,STADE DE REIMS,11,11,2,5,4,12,14,-2
17,FC GIRONDINS DE BORDEAUX,9,11,1,6,4,13,22,-9
18,STADE BRESTOIS 29,6,11,0,6,5,12,20,-8
19,FC METZ,6,11,1,3,7,12,26,-14
20,AS SAINT-ÉTIENNE,5,11,0,5,6,11,25,-14
1,PARIS SAINT-GERMAIN,31,12,10,1,1,26,11,+15
2,OGC NICE,23,12,7,3,2,23,9,+14
3,OLYMPIQUE DE MARSEILLE,22,12,6,4,2,20,12,+8
4,RC LENS,21,12,6,3,3,21,14,+7
5,STADE RENNAIS FC,19,12,5,4,3,18,11,+7
6,OLYMPIQUE LYONNAIS,19,12,5,4,3,20,17,+3
7,RC STRASBOURG ALSACE,17,12,5,2,5,22,16,+6
8,ANGERS SCO,17,12,4,5,3,18,15,+3
9,FC NANTES,17,12,5,2,5,16,14,+2
10,AS MONACO,17,12,5,2,5,17,16,+1
11,MONTPELLIER HÉRAULT SC,16,12,4,4,4,20,19,+1
12,LOSC LILLE,15,12,4,3,5,15,18,-3
13,FC LORIENT,15,12,3,6,3,12,18,-6
14,ESTAC TROYES,13,12,3,4,5,13,17,-4
15,CLERMONT FOOT 63,13,12,3,4,5,14,23,-9
16,FC GIRONDINS DE BORDEAUX,12,12,2,6,4,16,24,-8
17,STADE DE REIMS,11,12,2,5,5,14,17,-3
18,STADE BRESTOIS 29,9,12,1,6,5,14,20,-6
19,FC METZ,7,12,1,4,7,13,27,-14
20,AS SAINT-ÉTIENNE,6,12,0,6,6,12,26,-14
1,PARIS SAINT-GERMAIN,34,13,11,1,1,29,13,+16
2,RC LENS,24,13,7,3,3,25,14,+11
3,OGC NICE,23,13,7,3,3,23,10,+13
4,OLYMPIQUE DE MARSEILLE,23,13,6,5,2,20,12,+8
5,STADE RENNAIS FC,22,13,6,4,3,22,12,+10
6,MONTPELLIER HÉRAULT SC,19,13,5,4,4,21,19,+2
7,OLYMPIQUE LYONNAIS,19,13,5,4,4,21,21,0
8,RC STRASBOURG ALSACE,18,13,5,3,5,24,18,+6
9,ANGERS SCO,18,13,4,6,3,19,16,+3
10,FC NANTES,18,13,5,3,5,18,16,+2
11,AS MONACO,18,13,5,3,5,17,16,+1
12,LOSC LILLE,16,13,4,4,5,16,19,-3
13,FC LORIENT,15,13,3,6,4,13,20,-7
14,ESTAC TROYES,13,13,3,4,6,13,21,-8
15,CLERMONT FOOT 63,13,13,3,4,6,16,26,-10
16,STADE DE REIMS,12,13,2,6,5,14,17,-3
17,STADE BRESTOIS 29,12,13,2,6,5,16,21,-5
18,FC GIRONDINS DE BORDEAUX,12,13,2,6,5,18,27,-9
19,AS SAINT-ÉTIENNE,9,13,1,6,6,15,28,-13
20,FC METZ,8,13,1,5,7,13,27,-14
1,PARIS SAINT-GERMAIN,37,14,12,1,1,32,14,+18
2,OGC NICE,26,14,8,3,3,25,11,+14
3,STADE RENNAIS FC,25,14,7,4,3,24,12,+12
4,RC LENS,24,14,7,3,4,25,18,+7
5,OLYMPIQUE DE MARSEILLE,23,14,6,5,3,21,14,+7
6,ANGERS SCO,21,14,5,6,3,20,16,+4
7,OLYMPIQUE LYONNAIS,21,14,6,4,4,23,22,+1
8,RC STRASBOURG ALSACE,19,14,5,4,5,25,19,+6
9,AS MONACO,19,14,5,4,5,19,18,+1
10,MONTPELLIER HÉRAULT SC,19,14,5,4,5,21,21,0
11,FC NANTES,18,14,5,3,6,19,19,0
12,LOSC LILLE,17,14,4,5,5,18,21,-3
13,STADE BRESTOIS 29,15,14,3,6,5,20,21,-1
14,FC LORIENT,15,14,3,6,5,13,21,-8
15,STADE DE REIMS,13,14,2,7,5,15,18,-3
16,FC GIRONDINS DE BORDEAUX,13,14,2,7,5,21,30,-9
17,ESTAC TROYES,13,14,3,4,7,13,22,-9
18,CLERMONT FOOT 63,13,14,3,4,7,17,28,-11
19,AS SAINT-ÉTIENNE,12,14,2,6,6,16,28,-12
20,FC METZ,9,14,1,6,7,16,30,-14
1,PARIS SAINT-GERMAIN,40,15,13,1,1,35,15,+20
2,STADE RENNAIS FC,28,15,8,4,3,26,12,+14
3,OGC NICE,26,15,8,3,4,25,12,+13
4,OLYMPIQUE DE MARSEILLE,26,15,7,5,3,22,14,+8
5,RC LENS,25,15,7,4,4,27,20,+7
6,OLYMPIQUE LYONNAIS,24,15,7,4,4,24,22,+2
7,ANGERS SCO,22,15,5,7,3,22,18,+4
8,RC STRASBOURG ALSACE,20,15,5,5,5,26,20,+6
9,AS MONACO,20,15,5,5,5,20,19,+1
10,FC NANTES,19,15,5,4,6,20,20,0
11,MONTPELLIER HÉRAULT SC,19,15,5,4,6,21,22,-1
12,STADE BRESTOIS 29,18,15,4,6,5,22,22,0
13,LOSC LILLE,18,15,4,6,5,19,22,-3
14,STADE DE REIMS,16,15,3,7,5,16,18,-2
15,FC LORIENT,15,15,3,6,6,13,23,-10
16,FC GIRONDINS DE BORDEAUX,13,15,2,7,6,22,32,-10
17,ESTAC TROYES,13,15,3,4,8,13,23,-10
18,CLERMONT FOOT 63,13,15,3,4,8,17,29,-12
19,FC METZ,12,15,2,6,7,17,30,-13
20,AS SAINT-ÉTIENNE,12,15,2,6,7,17,31,-14
1,PARIS SAINT-GERMAIN,41,16,13,2,1,35,15,+20
2,OLYMPIQUE DE MARSEILLE,29,16,8,5,3,23,14,+9
3,STADE RENNAIS FC,28,16,8,4,4,27,14,+13
4,OGC NICE,27,16,8,4,4,25,12,+13
5,RC LENS,26,16,7,5,4,29,22,+7
6,OLYMPIQUE LYONNAIS,24,16,7,4,5,25,24,+1
7,RC STRASBOURG ALSACE,23,16,6,5,5,31,22,+9
8,AS MONACO,23,16,6,5,5,23,20,+3
9,ANGERS SCO,22,16,5,7,4,23,21,+2
10,MONTPELLIER HÉRAULT SC,22,16,6,4,6,24,23,+1
11,STADE BRESTOIS 29,21,16,5,6,5,23,22,+1
12,LOSC LILLE,21,16,5,6,5,21,23,-2
13,FC NANTES,19,16,5,4,7,20,21,-1
14,STADE DE REIMS,19,16,4,7,5,18,19,-1
15,ESTAC TROYES,16,16,4,4,8,15,23,-8
16,FC LORIENT,15,16,3,6,7,13,25,-12
17,CLERMONT FOOT 63,14,16,3,5,8,19,31,-12
18,FC GIRONDINS DE BORDEAUX,13,16,2,7,7,24,37,-13
19,FC METZ,12,16,2,6,8,18,33,-15
20,AS SAINT-ÉTIENNE,12,16,2,6,8,17,32,-15
1,PARIS SAINT-GERMAIN,42,17,13,3,1,36,16,+20
2,STADE RENNAIS FC,31,17,9,4,4,32,14,+18
3,OLYMPIQUE DE MARSEILLE,29,17,8,5,4,24,16,+8
4,OGC NICE,27,17,8,4,5,25,15,+10
5,RC LENS,27,17,7,6,4,30,23,+7
6,RC STRASBOURG ALSACE,26,17,7,5,5,34,22,+12
7,AS MONACO,26,17,7,5,5,27,20,+7
8,ANGERS SCO,25,17,6,7,4,25,22,+3
9,MONTPELLIER HÉRAULT SC,25,17,7,4,6,25,23,+2
10,OLYMPIQUE LYONNAIS,25,17,7,5,5,27,26,+1
11,STADE BRESTOIS 29,24,17,6,6,5,25,23,+2
12,LOSC LILLE,24,17,6,6,5,23,24,-1
13,FC NANTES,22,17,6,4,7,21,21,0
14,STADE DE REIMS,19,17,4,7,6,19,21,-2
15,ESTAC TROYES,16,17,4,4,9,16,25,-9
16,FC LORIENT,15,17,3,6,8,13,26,-13
17,FC GIRONDINS DE BORDEAUX,14,17,2,8,7,26,39,-13
18,CLERMONT FOOT 63,14,17,3,5,9,19,32,-13
19,FC METZ,12,17,2,6,9,18,37,-19
20,AS SAINT-ÉTIENNE,12,17,2,6,9,17,37,-20
1,PARIS SAINT-GERMAIN,45,18,14,3,1,38,16,+22
2,OLYMPIQUE DE MARSEILLE,32,18,9,5,4,26,16,+10
3,STADE RENNAIS FC,31,18,9,4,5,33,16,+17
4,OGC NICE,30,18,9,4,5,27,16,+11
5,MONTPELLIER HÉRAULT SC,28,18,8,4,6,29,23,+6
6,RC LENS,27,18,7,6,5,32,26,+6
7,RC STRASBOURG ALSACE,26,18,7,5,6,34,24,+10
8,AS MONACO,26,18,7,5,6,27,22,+5
9,OLYMPIQUE LYONNAIS,26,18,7,6,5,27,26,+1
10,ANGERS SCO,25,18,6,7,5,25,23,+2
11,FC NANTES,25,18,7,4,7,24,23,+1
12,LOSC LILLE,25,18,6,7,5,23,24,-1
13,STADE BRESTOIS 29,24,18,6,6,6,25,27,-2
14,STADE DE REIMS,22,18,5,7,6,21,21,0
15,FC GIRONDINS DE BORDEAUX,17,18,3,8,7,28,40,-12
16,CLERMONT FOOT 63,17,18,4,5,9,20,32,-12
17,ESTAC TROYES,16,18,4,4,10,17,27,-10
18,FC METZ,15,18,3,6,9,22,38,-16
19,FC LORIENT,15,18,3,6,9,14,30,-16
20,AS SAINT-ÉTIENNE,12,18,2,6,10,17,39,-22
1,PARIS SAINT-GERMAIN,46,19,14,4,1,39,17,+22
2,OGC NICE,33,19,10,4,5,29,17,+12
3,OLYMPIQUE DE MARSEILLE,33,19,9,6,4,27,17,+10
4,STADE RENNAIS FC,31,19,9,4,6,34,18,+16
5,MONTPELLIER HÉRAULT SC,31,19,9,4,6,33,24,+9
6,RC STRASBOURG ALSACE,29,19,8,5,6,36,24,+12
7,AS MONACO,29,19,8,5,6,29,23,+6
8,FC NANTES,28,19,8,4,7,25,23,+2
9,LOSC LILLE,28,19,7,7,5,26,26,0
10,RC LENS,27,19,7,6,6,33,28,+5
11,OLYMPIQUE LYONNAIS,27,19,7,7,5,28,27,+1
12,ANGERS SCO,25,19,6,7,6,26,27,-1
13,STADE BRESTOIS 29,25,19,6,7,6,26,28,-2
14,STADE DE REIMS,23,19,5,8,6,22,22,0
15,ESTAC TROYES,17,19,4,5,10,18,28,-10
16,FC GIRONDINS DE BORDEAUX,17,19,3,8,8,30,43,-13
17,CLERMONT FOOT 63,17,19,4,5,10,20,34,-14
18,FC METZ,16,19,3,7,9,23,39,-16
19,FC LORIENT,16,19,3,7,9,15,31,-16
20,AS SAINT-ÉTIENNE,12,19,2,6,11,17,40,-23
1,PARIS SAINT-GERMAIN,47,20,14,5,1,40,18,+22
2,OGC NICE,36,20,11,4,5,32,17,+15
3,OLYMPIQUE DE MARSEILLE,36,20,10,6,4,28,17,+11
4,RC STRASBOURG ALSACE,32,20,9,5,6,38,24,+14
5,STADE RENNAIS FC,31,20,9,4,7,34,19,+15
6,MONTPELLIER HÉRAULT SC,31,20,9,4,7,33,25,+8
7,LOSC LILLE,31,20,8,7,5,29,27,+2
8,RC LENS,30,20,8,6,6,34,28,+6
9,AS MONACO,30,20,8,6,6,29,23,+6
10,FC NANTES,29,20,8,5,7,25,23,+2
11,OLYMPIQUE LYONNAIS,28,20,7,8,5,29,28,+1
12,ANGERS SCO,25,20,6,7,7,26,28,-2
13,STADE BRESTOIS 29,25,20,6,7,7,26,31,-5
14,STADE DE REIMS,24,20,5,9,6,22,22,0
15,ESTAC TROYES,20,20,5,5,10,19,28,-9
16,CLERMONT FOOT 63,18,20,4,6,10,20,34,-14
17,FC GIRONDINS DE BORDEAUX,17,20,3,8,9,30,44,-14
18,FC METZ,16,20,3,7,10,23,41,-18
19,FC LORIENT,16,20,3,7,10,16,34,-18
20,AS SAINT-ÉTIENNE,15,20,3,6,11,18,40,-22
1,PARIS SAINT-GERMAIN,50,21,15,5,1,42,18,+24
2,OGC NICE,39,21,12,4,5,34,18,+16
3,OLYMPIQUE DE MARSEILLE,37,21,10,7,4,29,18,+11
4,RC STRASBOURG ALSACE,35,21,10,5,6,41,25,+16
5,STADE RENNAIS FC,34,21,10,4,7,40,19,+21
6,AS MONACO,33,21,9,6,6,33,23,+10
7,RC LENS,33,21,9,6,6,36,29,+7
8,LOSC LILLE,32,21,8,8,5,30,28,+2
9,MONTPELLIER HÉRAULT SC,31,21,9,4,8,34,28,+6
10,OLYMPIQUE LYONNAIS,31,21,8,8,5,30,28,+2
11,FC NANTES,29,21,8,5,8,26,25,+1
12,ANGERS SCO,26,21,6,8,7,26,28,-2
13,STADE BRESTOIS 29,25,21,6,7,8,26,33,-7
14,STADE DE REIMS,24,21,5,9,7,22,23,-1
15,ESTAC TROYES,20,21,5,5,11,19,29,-10
16,FC METZ,19,21,4,7,10,24,41,-17
17,CLERMONT FOOT 63,18,21,4,6,11,20,38,-18
18,FC LORIENT,17,21,3,8,10,16,34,-18
19,FC GIRONDINS DE BORDEAUX,17,21,3,8,10,30,50,-20
20,AS SAINT-ÉTIENNE,15,21,3,6,12,19,42,-23
1,PARIS SAINT-GERMAIN,53,22,16,5,1,46,18,+28
2,OGC NICE,42,22,13,4,5,36,18,+18
3,OLYMPIQUE DE MARSEILLE,40,22,11,7,4,31,18,+13
4,RC STRASBOURG ALSACE,35,22,10,5,7,44,29,+15
5,STADE RENNAIS FC,34,22,10,4,8,41,21,+20
6,MONTPELLIER HÉRAULT SC,34,22,10,4,8,37,30,+7
7,OLYMPIQUE LYONNAIS,34,22,9,8,5,31,28,+3
8,AS MONACO,33,22,9,6,7,35,26,+9
9,RC LENS,33,22,9,6,7,36,31,+5
10,FC NANTES,32,22,9,5,8,30,27,+3
11,LOSC LILLE,32,22,8,8,6,30,30,0
12,ANGERS SCO,29,22,7,8,7,28,29,-1
13,STADE BRESTOIS 29,28,22,7,7,8,28,33,-5
14,STADE DE REIMS,24,22,5,9,8,22,27,-5
15,CLERMONT FOOT 63,21,22,5,6,11,22,39,-17
16,ESTAC TROYES,20,22,5,5,12,20,31,-11
17,FC GIRONDINS DE BORDEAUX,20,22,4,8,10,34,53,-19
18,FC METZ,19,22,4,7,11,24,43,-19
19,FC LORIENT,17,22,3,8,11,18,38,-20
20,AS SAINT-ÉTIENNE,15,22,3,6,13,19,43,-24
1,PARIS SAINT-GERMAIN,56,23,17,5,1,51,19,+32
2,OLYMPIQUE DE MARSEILLE,43,23,12,7,4,36,20,+16
3,OGC NICE,42,23,13,4,6,36,19,+17
4,RC STRASBOURG ALSACE,38,23,11,5,7,45,29,+16
5,STADE RENNAIS FC,37,23,11,4,8,43,21,+22
6,AS MONACO,36,23,10,6,7,37,26,+11
7,MONTPELLIER HÉRAULT SC,34,23,10,4,9,38,33,+5
8,OLYMPIQUE LYONNAIS,34,23,9,8,6,31,30,+1
9,RC LENS,33,23,9,6,8,36,33,+3
10,FC NANTES,32,23,9,5,9,30,28,+2
11,LOSC LILLE,32,23,8,8,7,31,35,-4
12,ANGERS SCO,29,23,7,8,8,30,34,-4
13,STADE BRESTOIS 29,28,23,7,7,9,28,35,-7
14,STADE DE REIMS,27,23,6,9,8,27,27,0
15,CLERMONT FOOT 63,24,23,6,6,11,23,39,-16
16,ESTAC TROYES,21,23,5,6,12,20,31,-11
17,FC LORIENT,20,23,4,8,11,20,38,-18
18,FC METZ,20,23,4,8,11,24,43,-19
19,FC GIRONDINS DE BORDEAUX,20,23,4,8,11,34,58,-24
20,AS SAINT-ÉTIENNE,18,23,4,6,13,22,44,-22
1,PARIS SAINT-GERMAIN,59,24,18,5,1,52,19,+33
2,OLYMPIQUE DE MARSEILLE,46,24,13,7,4,38,21,+17
3,OGC NICE,42,24,13,4,7,36,21,+15
4,RC STRASBOURG ALSACE,41,24,12,5,7,46,29,+17
5,STADE RENNAIS FC,37,24,11,4,9,43,22,+21
6,AS MONACO,37,24,10,7,7,37,26,+11
7,OLYMPIQUE LYONNAIS,37,24,10,8,6,33,30,+3
8,RC LENS,36,24,10,6,8,39,35,+4
9,FC NANTES,35,24,10,5,9,31,28,+3
10,LOSC LILLE,35,24,9,8,7,32,35,-3
11,MONTPELLIER HÉRAULT SC,34,24,10,4,10,38,34,+4
12,STADE BRESTOIS 29,31,24,8,7,9,33,36,-3
13,ANGERS SCO,29,24,7,8,9,30,35,-5
14,STADE DE REIMS,27,24,6,9,9,27,28,-1
15,CLERMONT FOOT 63,24,24,6,6,12,24,41,-17
16,ESTAC TROYES,21,24,5,6,13,21,36,-15
17,FC LORIENT,21,24,4,9,11,20,38,-18
18,AS SAINT-ÉTIENNE,21,24,5,6,13,24,45,-21
19,FC METZ,20,24,4,8,12,25,45,-20
20,FC GIRONDINS DE BORDEAUX,20,24,4,8,12,36,61,-25
1,PARIS SAINT-GERMAIN,59,25,18,5,2,53,22,+31
2,OLYMPIQUE DE MARSEILLE,46,25,13,7,5,38,23,+15
3,OGC NICE,45,25,14,4,7,37,21,+16
4,RC STRASBOURG ALSACE,42,25,12,6,7,48,31,+17
5,STADE RENNAIS FC,40,25,12,4,9,47,23,+24
6,AS MONACO,38,25,10,8,7,38,27,+11
7,FC NANTES,38,25,11,5,9,34,29,+5
8,OLYMPIQUE LYONNAIS,38,25,10,9,6,34,31,+3
9,MONTPELLIER HÉRAULT SC,37,25,11,4,10,39,34,+5
10,RC LENS,37,25,10,7,8,40,36,+4
11,LOSC LILLE,36,25,9,9,7,32,35,-3
12,STADE BRESTOIS 29,32,25,8,8,9,34,37,-3
13,ANGERS SCO,29,25,7,8,10,30,36,-6
14,STADE DE REIMS,28,25,6,10,9,28,29,-1
15,CLERMONT FOOT 63,27,25,7,6,12,26,41,-15
16,AS SAINT-ÉTIENNE,22,25,5,7,13,26,47,-21
17,ESTAC TROYES,21,25,5,6,14,22,40,-18
18,FC LORIENT,21,25,4,9,12,20,39,-19
19,FC METZ,21,25,4,9,12,25,45,-20
20,FC GIRONDINS DE BORDEAUX,21,25,4,9,12,37,62,-25
1,PARIS SAINT-GERMAIN,62,26,19,5,2,56,23,+33
2,OLYMPIQUE DE MARSEILLE,47,26,13,8,5,39,24,+15
3,OGC NICE,46,26,14,5,7,37,21,+16
4,STADE RENNAIS FC,43,26,13,4,9,51,25,+26
5,RC STRASBOURG ALSACE,43,26,12,7,7,48,31,+17
6,RC LENS,40,26,11,7,8,42,37,+5
7,FC NANTES,39,26,11,6,9,34,29,+5
8,LOSC LILLE,39,26,10,9,7,33,35,-2
9,AS MONACO,38,26,10,8,8,39,29,+10
10,OLYMPIQUE LYONNAIS,38,26,10,9,7,34,32,+2
11,MONTPELLIER HÉRAULT SC,37,26,11,4,11,41,38,+3
12,STADE BRESTOIS 29,32,26,8,8,10,34,38,-4
13,STADE DE REIMS,31,26,7,10,9,30,30,0
14,ANGERS SCO,29,26,7,8,11,31,38,-7
15,CLERMONT FOOT 63,28,26,7,7,12,27,42,-15
16,FC LORIENT,24,26,5,9,12,21,39,-18
17,ESTAC TROYES,22,26,5,7,14,23,41,-18
18,FC METZ,22,26,4,10,12,25,45,-20
19,AS SAINT-ÉTIENNE,22,26,5,7,14,27,50,-23
20,FC GIRONDINS DE BORDEAUX,22,26,4,10,12,38,63,-25
1,PARIS SAINT-GERMAIN,62,27,19,5,3,56,24,+32
2,OGC NICE,49,27,15,5,7,38,21,+17
3,OLYMPIQUE DE MARSEILLE,47,27,13,8,6,39,25,+14
4,STADE RENNAIS FC,46,27,14,4,9,53,25,+28
5,RC STRASBOURG ALSACE,44,27,12,8,7,49,32,+17
6,FC NANTES,42,27,12,6,9,36,29,+7
7,LOSC LILLE,42,27,11,9,7,37,35,+2
8,AS MONACO,41,27,11,8,8,40,29,+11
9,OLYMPIQUE LYONNAIS,41,27,11,9,7,38,33,+5
10,RC LENS,40,27,11,7,9,42,38,+4
11,MONTPELLIER HÉRAULT SC,37,27,11,4,12,41,40,+1
12,STADE BRESTOIS 29,35,27,9,8,10,35,38,-3
13,STADE DE REIMS,32,27,7,11,9,31,31,0
14,ANGERS SCO,29,27,7,8,12,31,40,-9
15,CLERMONT FOOT 63,28,27,7,7,13,27,46,-19
16,ESTAC TROYES,25,27,6,7,14,25,41,-16
17,AS SAINT-ÉTIENNE,25,27,6,7,14,28,50,-22
18,FC LORIENT,24,27,5,9,13,22,43,-21
19,FC METZ,22,27,4,10,13,25,46,-21
20,FC GIRONDINS DE BORDEAUX,22,27,4,10,13,38,65,-27
1,PARIS SAINT-GERMAIN,65,28,20,5,3,59,24,+35
2,OLYMPIQUE DE MARSEILLE,50,28,14,8,6,43,26,+17
3,OGC NICE,50,28,15,6,7,38,21,+17
4,STADE RENNAIS FC,49,28,15,4,9,57,27,+30
5,RC STRASBOURG ALSACE,47,28,13,8,7,50,32,+18
6,LOSC LILLE,43,28,11,10,7,37,35,+2
7,FC NANTES,42,28,12,6,10,36,30,+6
8,AS MONACO,41,28,11,8,9,40,30,+10
9,RC LENS,41,28,11,8,9,42,38,+4
10,OLYMPIQUE LYONNAIS,41,28,11,9,8,40,37,+3
11,MONTPELLIER HÉRAULT SC,38,28,11,5,12,41,40,+1
12,STADE DE REIMS,35,28,8,11,9,32,31,+1
13,STADE BRESTOIS 29,35,28,9,8,11,36,42,-6
14,ANGERS SCO,29,28,7,8,13,31,41,-10
15,ESTAC TROYES,28,28,7,7,14,26,41,-15
16,CLERMONT FOOT 63,28,28,7,7,14,27,48,-21
17,FC LORIENT,27,28,6,9,13,24,43,-19
18,AS SAINT-ÉTIENNE,26,28,6,8,14,28,50,-22
19,FC METZ,23,28,4,11,13,25,46,-21
20,FC GIRONDINS DE BORDEAUX,22,28,4,10,14,38,68,-30
1,PARIS SAINT-GERMAIN,65,29,20,5,4,59,27,+32
2,OLYMPIQUE DE MARSEILLE,53,29,15,8,6,45,27,+18
3,STADE RENNAIS FC,52,29,16,4,9,63,28,+35
4,OGC NICE,50,29,15,6,8,39,23,+16
5,RC STRASBOURG ALSACE,48,29,13,9,7,50,32,+18
6,LOSC LILLE,46,29,12,10,7,38,35,+3
7,AS MONACO,44,29,12,8,9,43,30,+13
8,RC LENS,44,29,12,8,9,45,39,+6
9,FC NANTES,42,29,12,6,11,36,31,+5
10,OLYMPIQUE LYONNAIS,42,29,11,10,8,40,37,+3
11,MONTPELLIER HÉRAULT SC,41,29,12,5,12,43,40,+3
12,STADE DE REIMS,36,29,8,12,9,32,31,+1
13,STADE BRESTOIS 29,35,29,9,8,12,36,43,-7
14,ANGERS SCO,32,29,8,8,13,32,41,-9
15,ESTAC TROYES,29,29,7,8,14,27,42,-15
16,FC LORIENT,28,29,6,10,13,24,43,-19
17,CLERMONT FOOT 63,28,29,7,7,15,28,51,-23
18,AS SAINT-ÉTIENNE,27,29,6,9,14,29,51,-22
19,FC METZ,23,29,4,11,14,26,52,-26
20,FC GIRONDINS DE BORDEAUX,22,29,4,10,15,38,70,-32
1,PARIS SAINT-GERMAIN,68,30,21,5,4,64,28,+36
2,OLYMPIQUE DE MARSEILLE,56,30,16,8,6,49,29,+20
3,STADE RENNAIS FC,53,30,16,5,9,64,29,+35
4,RC STRASBOURG ALSACE,51,30,14,9,7,51,32,+19
5,OGC NICE,51,30,15,7,8,40,24,+16
6,AS MONACO,47,30,13,8,9,45,31,+14
7,LOSC LILLE,47,30,12,11,7,38,35,+3
8,FC NANTES,45,30,13,6,11,39,33,+6
9,OLYMPIQUE LYONNAIS,45,30,12,10,8,43,39,+4
10,RC LENS,44,30,12,8,10,45,40,+5
11,MONTPELLIER HÉRAULT SC,41,30,12,5,13,44,42,+2
12,STADE BRESTOIS 29,38,30,10,8,12,38,44,-6
13,STADE DE REIMS,36,30,8,12,10,32,32,0
14,ANGERS SCO,32,30,8,8,14,34,44,-10
15,ESTAC TROYES,32,30,8,8,14,28,42,-14
16,FC LORIENT,28,30,6,10,14,25,48,-23
17,CLERMONT FOOT 63,28,30,7,7,16,30,54,-24
18,AS SAINT-ÉTIENNE,27,30,6,9,15,31,55,-24
19,FC METZ,23,30,4,11,15,27,54,-27
20,FC GIRONDINS DE BORDEAUX,23,30,4,11,15,38,70,-32
1,PARIS SAINT-GERMAIN,71,31,22,5,4,70,29,+41
2,OLYMPIQUE DE MARSEILLE,59,31,17,8,6,51,29,+22
3,STADE RENNAIS FC,56,31,17,5,9,67,31,+36
4,RC STRASBOURG ALSACE,52,31,14,10,7,52,33,+19
5,OGC NICE,51,31,15,7,9,40,27,+13
6,AS MONACO,50,31,14,8,9,47,32,+15
7,LOSC LILLE,48,31,12,12,7,39,36,+3
8,RC LENS,47,31,13,8,10,48,40,+8
9,FC NANTES,46,31,13,7,11,40,34,+6
10,OLYMPIQUE LYONNAIS,46,31,12,11,8,44,40,+4
11,MONTPELLIER HÉRAULT SC,41,31,12,5,14,44,44,0
12,STADE BRESTOIS 29,39,31,10,9,12,39,45,-6
13,STADE DE REIMS,36,31,8,12,11,34,35,-1
14,ANGERS SCO,33,31,8,9,14,35,45,-10
15,ESTAC TROYES,32,31,8,8,15,29,44,-15
16,FC LORIENT,31,31,7,10,14,31,50,-19
17,CLERMONT FOOT 63,28,31,7,7,17,31,60,-29
18,AS SAINT-ÉTIENNE,27,31,6,9,16,33,61,-28
19,FC GIRONDINS DE BORDEAUX,26,31,5,11,15,41,71,-30
20,FC METZ,23,31,4,11,16,28,57,-29
1,PARIS SAINT-GERMAIN,74,32,23,5,4,72,30,+42
2,OLYMPIQUE DE MARSEILLE,59,32,17,8,7,52,31,+21
3,STADE RENNAIS FC,56,32,17,5,10,69,34,+35
4,OGC NICE,54,32,16,7,9,42,28,+14
5,RC STRASBOURG ALSACE,53,32,14,11,7,53,34,+19
6,AS MONACO,53,32,15,8,9,50,34,+16
7,RC LENS,50,32,14,8,10,50,41,+9
8,OLYMPIQUE LYONNAIS,49,32,13,11,8,50,41,+9
9,LOSC LILLE,48,32,12,12,8,40,38,+2
10,FC NANTES,47,32,13,8,11,41,35,+6
11,MONTPELLIER HÉRAULT SC,42,32,12,6,14,44,44,0
12,STADE BRESTOIS 29,39,32,10,9,13,40,47,-7
13,STADE DE REIMS,37,32,8,13,11,34,35,-1
14,ANGERS SCO,34,32,8,10,14,36,46,-10
15,ESTAC TROYES,33,32,8,9,15,30,45,-15
16,FC LORIENT,31,32,7,10,15,32,52,-20
17,AS SAINT-ÉTIENNE,30,32,7,9,16,35,62,-27
18,CLERMONT FOOT 63,29,32,7,8,17,32,61,-29
19,FC GIRONDINS DE BORDEAUX,26,32,5,11,16,42,77,-35
20,FC METZ,24,32,4,12,16,29,58,-29
1,PARIS SAINT-GERMAIN,77,33,24,5,4,75,30,+45
2,OLYMPIQUE DE MARSEILLE,62,33,18,8,7,55,33,+22
3,STADE RENNAIS FC,56,33,17,5,11,70,36,+34
4,RC STRASBOURG ALSACE,56,33,15,11,7,55,35,+20
5,AS MONACO,56,33,16,8,9,51,34,+17
6,OGC NICE,54,33,16,7,10,42,29,+13
7,RC LENS,53,33,15,8,10,52,41,+11
8,OLYMPIQUE LYONNAIS,49,33,13,11,9,51,43,+8
9,LOSC LILLE,48,33,12,12,9,41,40,+1
10,FC NANTES,47,33,13,8,12,43,38,+5
11,MONTPELLIER HÉRAULT SC,42,33,12,6,15,44,46,-2
12,STADE BRESTOIS 29,42,33,11,9,13,42,48,-6
13,STADE DE REIMS,40,33,9,13,11,36,36,0
14,ANGERS SCO,34,33,8,10,15,36,49,-13
15,FC LORIENT,34,33,8,10,15,33,52,-19
16,ESTAC TROYES,33,33,8,9,16,30,46,-16
17,CLERMONT FOOT 63,32,33,8,8,17,33,61,-28
18,AS SAINT-ÉTIENNE,31,33,7,10,16,37,64,-27
19,FC GIRONDINS DE BORDEAUX,27,33,5,12,16,44,79,-35
20,FC METZ,24,33,4,12,17,29,59,-30
1,PARIS SAINT-GERMAIN,78,34,24,6,4,76,31,+45
2,OLYMPIQUE DE MARSEILLE,65,34,19,8,7,56,33,+23
3,STADE RENNAIS FC,59,34,18,5,11,75,36,+39
4,AS MONACO,59,34,17,8,9,55,35,+20
5,OGC NICE,57,34,17,7,10,43,29,+14
6,RC STRASBOURG ALSACE,56,34,15,11,8,55,36,+19
7,RC LENS,54,34,15,9,10,53,42,+11
8,OLYMPIQUE LYONNAIS,52,34,14,11,9,56,45,+11
9,LOSC LILLE,51,34,13,12,9,42,40,+2
10,FC NANTES,50,34,14,8,12,48,41,+7
11,STADE BRESTOIS 29,45,34,12,9,13,43,48,-5
12,MONTPELLIER HÉRAULT SC,42,34,12,6,16,46,51,-5
13,STADE DE REIMS,40,34,9,13,12,36,37,-1
14,ANGERS SCO,35,34,8,11,15,38,51,-13
15,FC LORIENT,34,34,8,10,16,33,57,-24
16,ESTAC TROYES,33,34,8,9,17,30,47,-17
17,CLERMONT FOOT 63,33,34,8,9,17,35,63,-28
18,AS SAINT-ÉTIENNE,31,34,7,10,17,38,68,-30
19,FC GIRONDINS DE BORDEAUX,27,34,5,12,17,47,84,-37
20,FC METZ,24,34,4,12,18,29,60,-31
1,PARIS SAINT-GERMAIN,79,35,24,7,4,79,34,+45
2,OLYMPIQUE DE MARSEILLE,65,35,19,8,8,56,36,+20
3,STADE RENNAIS FC,62,35,19,5,11,77,36,+41
4,AS MONACO,62,35,18,8,9,57,35,+22
5,OGC NICE,60,35,18,7,10,44,29,+15
6,RC STRASBOURG ALSACE,57,35,15,12,8,58,39,+19
7,OLYMPIQUE LYONNAIS,55,35,15,11,9,59,45,+14
8,RC LENS,55,35,15,10,10,55,44,+11
9,FC NANTES,51,35,14,9,12,50,43,+7
10,LOSC LILLE,51,35,13,12,10,42,43,-1
11,STADE BRESTOIS 29,48,35,13,9,13,45,48,-3
12,STADE DE REIMS,43,35,10,13,12,38,38,0
13,MONTPELLIER HÉRAULT SC,43,35,12,7,16,48,53,-5
14,ESTAC TROYES,36,35,9,9,17,33,47,-14
15,ANGERS SCO,35,35,8,11,16,38,53,-15
16,FC LORIENT,34,35,8,10,17,34,59,-25
17,CLERMONT FOOT 63,33,35,8,9,18,35,65,-30
18,AS SAINT-ÉTIENNE,31,35,7,10,18,38,70,-32
19,FC GIRONDINS DE BORDEAUX,27,35,5,12,18,47,85,-38
20,FC METZ,25,35,4,13,18,31,62,-31
1,PARIS SAINT-GERMAIN,80,36,24,8,4,81,36,+45
2,OLYMPIQUE DE MARSEILLE,68,36,20,8,8,59,36,+23
3,AS MONACO,65,36,19,8,9,59,36,+23
4,OGC NICE,63,36,19,7,10,48,31,+17
5,STADE RENNAIS FC,62,36,19,5,12,78,38,+40
6,RC STRASBOURG ALSACE,60,36,16,12,8,59,39,+20
7,RC LENS,58,36,16,10,10,57,45,+12
8,OLYMPIQUE LYONNAIS,55,36,15,11,10,61,48,+13
9,FC NANTES,54,36,15,9,12,52,44,+8
10,LOSC LILLE,51,36,13,12,11,43,45,-2
11,STADE BRESTOIS 29,48,36,13,9,14,45,49,-4
12,STADE DE REIMS,43,36,10,13,13,39,40,-1
13,MONTPELLIER HÉRAULT SC,43,36,12,7,17,49,55,-6
14,ANGERS SCO,38,36,9,11,16,42,54,-12
15,ESTAC TROYES,37,36,9,10,17,35,49,-14
16,CLERMONT FOOT 63,36,36,9,9,18,37,66,-29
17,FC LORIENT,34,36,8,10,18,34,62,-28
18,AS SAINT-ÉTIENNE,31,36,7,10,19,40,74,-34
19,FC METZ,28,36,5,13,18,34,64,-30
20,FC GIRONDINS DE BORDEAUX,27,36,5,12,19,48,89,-41
1,PARIS SAINT-GERMAIN,83,37,25,8,4,85,36,+49
2,AS MONACO,68,37,20,8,9,63,38,+25
3,OLYMPIQUE DE MARSEILLE,68,37,20,8,9,59,38,+21
4,STADE RENNAIS FC,65,37,20,5,12,80,38,+42
5,RC STRASBOURG ALSACE,63,37,17,12,8,60,39,+21
6,OGC NICE,63,37,19,7,11,49,34,+15
7,RC LENS,61,37,17,10,10,60,46,+14
8,OLYMPIQUE LYONNAIS,58,37,16,11,10,64,50,+14
9,FC NANTES,54,37,15,9,13,54,47,+7
10,LOSC LILLE,54,37,14,12,11,46,46,0
11,STADE BRESTOIS 29,48,37,13,9,15,47,53,-6
12,STADE DE REIMS,46,37,11,13,13,41,41,0
13,MONTPELLIER HÉRAULT SC,43,37,12,7,18,49,59,-10
14,ANGERS SCO,38,37,9,11,17,42,55,-13
15,ESTAC TROYES,37,37,9,10,18,36,52,-16
16,CLERMONT FOOT 63,36,37,9,9,19,37,67,-30
17,FC LORIENT,35,37,8,11,18,34,62,-28
18,FC METZ,31,37,6,13,18,35,64,-29
19,AS SAINT-ÉTIENNE,31,37,7,10,20,41,76,-35
20,FC GIRONDINS DE BORDEAUX,28,37,5,13,19,48,89,-41
1,PARIS SAINT-GERMAIN,86,38,26,8,4,90,36,+54
2,OLYMPIQUE DE MARSEILLE,71,38,21,8,9,63,38,+25
3,AS MONACO,69,38,20,9,9,65,40,+25
4,STADE RENNAIS FC,66,38,20,6,12,82,40,+42
5,OGC NICE,66,38,20,7,11,52,36,+16
6,RC STRASBOURG ALSACE,63,38,17,12,9,60,43,+17
7,RC LENS,62,38,17,11,10,62,48,+14
8,OLYMPIQUE LYONNAIS,61,38,17,11,10,66,51,+15
9,FC NANTES,55,38,15,10,13,55,48,+7
10,LOSC LILLE,55,38,14,13,11,48,48,0
11,STADE BRESTOIS 29,48,38,13,9,16,49,57,-8
12,STADE DE REIMS,46,38,11,13,14,43,44,-1
13,MONTPELLIER HÉRAULT SC,43,38,12,7,19,49,61,-12
14,ANGERS SCO,41,38,10,11,17,44,55,-11
15,ESTAC TROYES,38,38,9,11,18,37,53,-16
16,FC LORIENT,36,38,8,12,18,35,63,-28
17,CLERMONT FOOT 63,36,38,9,9,20,38,69,-31
18,AS SAINT-ÉTIENNE,32,38,7,11,20,42,77,-35
19,FC METZ,31,38,6,13,19,35,69,-34
20,FC GIRONDINS DE BORDEAUX,31,38,6,13,19,52,91,-39
