1230110,2021-08-06,Round 1,Monaco,1,Nantes,1,https://www.thesportsdb.com/images/media/event/thumb/9er6kg1625166462.jpg
1230108,2021-08-07,Round 1,Lyon,1,Brest,1,https://www.thesportsdb.com/images/media/event/thumb/722uke1625166461.jpg
1230116,2021-08-07,Round 1,Troyes,1,Paris SG,2,https://www.thesportsdb.com/images/media/event/thumb/5qahwk1625166465.jpg
1230107,2021-08-08,Round 1,Bordeaux,0,Clermont Foot,2,https://www.thesportsdb.com/images/media/event/thumb/ajkyme1627321454.jpg
1230109,2021-08-08,Round 1,Metz,3,Lille,3,https://www.thesportsdb.com/images/media/event/thumb/1nqmhy1625166462.jpg
1230111,2021-08-08,Round 1,Montpellier,2,Marseille,3,https://www.thesportsdb.com/images/media/event/thumb/i2rjrx1625166463.jpg
1230112,2021-08-08,Round 1,Nice,0,Stade de Reims,0,https://www.thesportsdb.com/images/media/event/thumb/5t1zmx1625166463.jpg
1230113,2021-08-08,Round 1,Rennes,1,Lens,1,https://www.thesportsdb.com/images/media/event/thumb/gq0hp21625166464.jpg
1230114,2021-08-08,Round 1,St Etienne,1,Lorient,1,https://www.thesportsdb.com/images/media/event/thumb/11bgb01625166464.jpg
1230115,2021-08-08,Round 1,Strasbourg,0,Angers,2,https://www.thesportsdb.com/images/media/event/thumb/m9rt3x1625166465.jpg
1230122,2021-08-13,Round 2,Lorient,1,Monaco,0,https://www.thesportsdb.com/images/media/event/thumb/zel8bn1625166469.jpg
1230121,2021-08-14,Round 2,Lille,0,Nice,4,https://www.thesportsdb.com/images/media/event/thumb/dytc8v1625166468.jpg
1230125,2021-08-14,Round 2,Paris SG,4,Strasbourg,2,https://www.thesportsdb.com/images/media/event/thumb/lts3zw1625166471.jpg
1230117,2021-08-15,Round 2,Angers,3,Lyon,0,https://www.thesportsdb.com/images/media/event/thumb/kiez541625166466.jpg
1230118,2021-08-15,Round 2,Brest,1,Rennes,1,https://www.thesportsdb.com/images/media/event/thumb/3zts5t1625166466.jpg
1230119,2021-08-15,Round 2,Clermont Foot,2,Troyes,0,https://www.thesportsdb.com/images/media/event/thumb/u6iz7g1625166467.jpg
1230120,2021-08-15,Round 2,Lens,2,St Etienne,2,https://www.thesportsdb.com/images/media/event/thumb/e3n62l1625166467.jpg
1230123,2021-08-15,Round 2,Marseille,2,Bordeaux,2,https://www.thesportsdb.com/images/media/event/thumb/v76yq61627321455.jpg
1230124,2021-08-15,Round 2,Nantes,2,Metz,0,https://www.thesportsdb.com/images/media/event/thumb/kfyzrz1625166470.jpg
1230126,2021-08-15,Round 2,Stade de Reims,3,Montpellier,3,https://www.thesportsdb.com/images/media/event/thumb/tdid5n1625166472.jpg
1230128,2021-08-20,Round 3,Brest,2,Paris SG,4,https://www.thesportsdb.com/images/media/event/thumb/ebufg71625166473.jpg
1230131,2021-08-21,Round 3,Monaco,0,Lens,2,https://www.thesportsdb.com/images/media/event/thumb/qlg4m01625166474.jpg
1230135,2021-08-21,Round 3,St Etienne,1,Lille,1,https://www.thesportsdb.com/images/media/event/thumb/3tq9tq1625166477.jpg
1230127,2021-08-22,Round 3,Bordeaux,1,Angers,1,https://www.thesportsdb.com/images/media/event/thumb/3kq8h31627321455.jpg
1230129,2021-08-22,Round 3,Lyon,3,Clermont Foot,3,https://www.thesportsdb.com/images/media/event/thumb/ztf1en1625166473.jpg
1230130,2021-08-22,Round 3,Metz,1,Stade de Reims,1,https://www.thesportsdb.com/images/media/event/thumb/n4s93z1625166474.jpg
1230132,2021-08-22,Round 3,Montpellier,3,Lorient,1,https://www.thesportsdb.com/images/media/event/thumb/mia9pk1625166475.jpg
1230134,2021-08-22,Round 3,Rennes,1,Nantes,0,https://www.thesportsdb.com/images/media/event/thumb/vfl1my1625166476.jpg
1230136,2021-08-22,Round 3,Strasbourg,1,Troyes,1,https://www.thesportsdb.com/images/media/event/thumb/p1vi4d1625166477.jpg
1230142,2021-08-27,Round 4,Nantes,0,Lyon,1,https://www.thesportsdb.com/images/media/event/thumb/90xtbg1625166481.jpg
1230141,2021-08-28,Round 4,Marseille,3,St Etienne,1,https://www.thesportsdb.com/images/media/event/thumb/8xhz4v1625166481.jpg
1230143,2021-08-28,Round 4,Nice,4,Bordeaux,0,https://www.thesportsdb.com/images/media/event/thumb/9p4ow21627321456.jpg
1230137,2021-08-29,Round 4,Angers,2,Rennes,0,https://www.thesportsdb.com/images/media/event/thumb/0gl89f1625166478.jpg
1230138,2021-08-29,Round 4,Clermont Foot,2,Metz,2,https://www.thesportsdb.com/images/media/event/thumb/fi9ede1625166479.jpg
1230139,2021-08-29,Round 4,Lens,2,Lorient,2,https://www.thesportsdb.com/images/media/event/thumb/1cxawn1625166479.jpg
1230140,2021-08-29,Round 4,Lille,2,Montpellier,1,https://www.thesportsdb.com/images/media/event/thumb/40aitk1625166480.jpg
1230144,2021-08-29,Round 4,Stade de Reims,0,Paris SG,2,https://www.thesportsdb.com/images/media/event/thumb/wvib9t1625166483.jpg
1230145,2021-08-29,Round 4,Strasbourg,3,Brest,1,https://www.thesportsdb.com/images/media/event/thumb/zdf9g11625166483.jpg
1230146,2021-08-29,Round 4,Troyes,1,Monaco,2,https://www.thesportsdb.com/images/media/event/thumb/pr3imc1625166484.jpg
1230149,2021-09-10,Round 5,Lorient,2,Lille,1,https://www.thesportsdb.com/images/media/event/thumb/awpswg1625166486.jpg
1230152,2021-09-11,Round 5,Monaco,0,Marseille,2,https://www.thesportsdb.com/images/media/event/thumb/newwth1625166488.jpg
1230155,2021-09-11,Round 5,Paris SG,4,Clermont Foot,0,https://www.thesportsdb.com/images/media/event/thumb/11hydn1625166489.jpg
1230147,2021-09-12,Round 5,Bordeaux,2,Lens,3,https://www.thesportsdb.com/images/media/event/thumb/ow2re31627321456.jpg
1230148,2021-09-12,Round 5,Brest,1,Angers,1,https://www.thesportsdb.com/images/media/event/thumb/oraon41625166485.jpg
1230150,2021-09-12,Round 5,Lyon,3,Strasbourg,1,https://www.thesportsdb.com/images/media/event/thumb/qx2cil1625166486.jpg
1230151,2021-09-12,Round 5,Metz,0,Troyes,2,https://www.thesportsdb.com/images/media/event/thumb/xfgwkf1625166487.jpg
1230153,2021-09-12,Round 5,Montpellier,2,St Etienne,0,https://www.thesportsdb.com/images/media/event/thumb/biib7x1625166488.jpg
1230154,2021-09-12,Round 5,Nantes,0,Nice,2,https://www.thesportsdb.com/images/media/event/thumb/n3gh9b1625166489.jpg
1230156,2021-09-12,Round 5,Rennes,0,Stade de Reims,2,https://www.thesportsdb.com/images/media/event/thumb/c4o4zl1625166490.jpg
1230165,2021-09-17,Round 6,Strasbourg,3,Metz,0,https://www.thesportsdb.com/images/media/event/thumb/9myavy1625166495.jpg
1230159,2021-09-18,Round 6,Lens,1,Lille,0,https://www.thesportsdb.com/images/media/event/thumb/fygs6l1625166492.jpg
1230164,2021-09-18,Round 6,St Etienne,1,Bordeaux,2,https://www.thesportsdb.com/images/media/event/thumb/65c7so1627321457.jpg
1230157,2021-09-19,Round 6,Angers,1,Nantes,4,https://www.thesportsdb.com/images/media/event/thumb/7ojxcs1625166490.jpg
1230158,2021-09-19,Round 6,Clermont Foot,1,Brest,1,https://www.thesportsdb.com/images/media/event/thumb/p8x8ul1625166491.jpg
1230160,2021-09-19,Round 6,Marseille,2,Rennes,0,https://www.thesportsdb.com/images/media/event/thumb/1gwt6g1625166492.jpg
1230161,2021-09-19,Round 6,Nice,2,Monaco,2,https://www.thesportsdb.com/images/media/event/thumb/ro54km1625166493.jpg
1230162,2021-09-19,Round 6,Paris SG,2,Lyon,1,https://www.thesportsdb.com/images/media/event/thumb/p575hi1625166493.jpg
1230163,2021-09-19,Round 6,Stade de Reims,0,Lorient,0,https://www.thesportsdb.com/images/media/event/thumb/5xa17k1625166494.jpg
1230166,2021-09-19,Round 6,Troyes,1,Montpellier,1,https://www.thesportsdb.com/images/media/event/thumb/y5sf8f1625166496.jpg
1230167,2021-09-22,Round 7,Angers,0,Marseille,0,https://www.thesportsdb.com/images/media/event/thumb/vtlvbd1625166496.jpg
1230168,2021-09-22,Round 7,Lens,0,Strasbourg,1,https://www.thesportsdb.com/images/media/event/thumb/koqgqx1625166497.jpg
1230169,2021-09-22,Round 7,Lille,2,Stade de Reims,1,https://www.thesportsdb.com/images/media/event/thumb/b9z0we1625166497.jpg
1230170,2021-09-22,Round 7,Lorient,1,Nice,0,https://www.thesportsdb.com/images/media/event/thumb/r96tzp1625166498.jpg
1230171,2021-09-22,Round 7,Lyon,3,Troyes,1,https://www.thesportsdb.com/images/media/event/thumb/kr2in51625166499.jpg
1230172,2021-09-22,Round 7,Metz,1,Paris SG,2,https://www.thesportsdb.com/images/media/event/thumb/enji8s1625166499.jpg
1230173,2021-09-22,Round 7,Monaco,3,St Etienne,1,https://www.thesportsdb.com/images/media/event/thumb/sarqhx1625166500.jpg
1230174,2021-09-22,Round 7,Montpellier,3,Bordeaux,3,https://www.thesportsdb.com/images/media/event/thumb/fambyg1627321457.jpg
1230175,2021-09-22,Round 7,Nantes,3,Brest,1,https://www.thesportsdb.com/images/media/event/thumb/ao62on1625166501.jpg
1230176,2021-09-22,Round 7,Rennes,6,Clermont Foot,0,https://www.thesportsdb.com/images/media/event/thumb/575mcu1625166502.jpg
1230180,2021-09-25,Round 8,Lyon,1,Lorient,1,https://www.thesportsdb.com/images/media/event/thumb/9vwkf81625166504.jpg
1230182,2021-09-25,Round 8,Paris SG,2,Montpellier,0,https://www.thesportsdb.com/images/media/event/thumb/qz1qd21625166505.jpg
1230184,2021-09-25,Round 8,St Etienne,0,Nice,3,https://www.thesportsdb.com/images/media/event/thumb/yysw2y1625166506.jpg
1230185,2021-09-25,Round 8,Strasbourg,1,Lille,2,https://www.thesportsdb.com/images/media/event/thumb/xgrtll1625166507.jpg
1230177,2021-09-26,Round 8,Bordeaux,1,Rennes,1,https://www.thesportsdb.com/images/media/event/thumb/nsi8ww1627321458.jpg
1230178,2021-09-26,Round 8,Brest,1,Metz,2,https://www.thesportsdb.com/images/media/event/thumb/eajz6s1625166503.jpg
1230179,2021-09-26,Round 8,Clermont Foot,1,Monaco,3,https://www.thesportsdb.com/images/media/event/thumb/zt98fg1625166503.jpg
1230181,2021-09-26,Round 8,Marseille,2,Lens,3,https://www.thesportsdb.com/images/media/event/thumb/h1f8pa1625166504.jpg
1230183,2021-09-26,Round 8,Stade de Reims,3,Nantes,1,https://www.thesportsdb.com/images/media/event/thumb/icilc91625166505.jpg
1230186,2021-09-26,Round 8,Troyes,1,Angers,1,https://www.thesportsdb.com/images/media/event/thumb/z00i2b1625166507.jpg
1230188,2021-10-01,Round 9,Lens,2,Stade de Reims,0,https://www.thesportsdb.com/images/media/event/thumb/8wvfls1625166508.jpg
1230192,2021-10-02,Round 9,Montpellier,1,Strasbourg,1,https://www.thesportsdb.com/images/media/event/thumb/iuhjn41625166510.jpg
1230194,2021-10-02,Round 9,Nice,2,Brest,1,https://www.thesportsdb.com/images/media/event/thumb/a9zzhp1625166511.jpg
1230187,2021-10-03,Round 9,Angers,3,Metz,2,https://www.thesportsdb.com/images/media/event/thumb/w8gnmz1625166508.jpg
1230189,2021-10-03,Round 9,Lille,2,Marseille,0,https://www.thesportsdb.com/images/media/event/thumb/j60z091625166509.jpg
1230190,2021-10-03,Round 9,Lorient,1,Clermont Foot,1,https://www.thesportsdb.com/images/media/event/thumb/b8ozlz1625166509.jpg
1230191,2021-10-03,Round 9,Monaco,3,Bordeaux,0,https://www.thesportsdb.com/images/media/event/thumb/d2gtzt1627321458.jpg
1230193,2021-10-03,Round 9,Nantes,2,Troyes,0,https://www.thesportsdb.com/images/media/event/thumb/yro0ix1625166511.jpg
1230195,2021-10-03,Round 9,Rennes,2,Paris SG,0,https://www.thesportsdb.com/images/media/event/thumb/ve470a1625166512.jpg
1230196,2021-10-03,Round 9,St Etienne,1,Lyon,1,https://www.thesportsdb.com/images/media/event/thumb/w9mbzx1625166512.jpg
1230204,2021-10-15,Round 10,Paris SG,2,Angers,1,https://www.thesportsdb.com/images/media/event/thumb/2i24jb1625166517.jpg
1230199,2021-10-16,Round 10,Clermont Foot,1,Lille,0,https://www.thesportsdb.com/images/media/event/thumb/c9dmde1625166514.jpg
1230200,2021-10-16,Round 10,Lyon,2,Monaco,0,https://www.thesportsdb.com/images/media/event/thumb/ktw6071625166515.jpg
1230197,2021-10-17,Round 10,Bordeaux,1,Nantes,1,https://www.thesportsdb.com/images/media/event/thumb/t4wgdj1627321459.jpg
1230198,2021-10-17,Round 10,Brest,1,Stade de Reims,1,https://www.thesportsdb.com/images/media/event/thumb/klsghh1625166514.jpg
1230201,2021-10-17,Round 10,Marseille,4,Lorient,1,https://www.thesportsdb.com/images/media/event/thumb/tmkywx1625166515.jpg
1230202,2021-10-17,Round 10,Metz,0,Rennes,3,https://www.thesportsdb.com/images/media/event/thumb/3pzgve1625166516.jpg
1230203,2021-10-17,Round 10,Montpellier,1,Lens,0,https://www.thesportsdb.com/images/media/event/thumb/ppx8pk1625166516.jpg
1230205,2021-10-17,Round 10,Strasbourg,5,St Etienne,1,https://www.thesportsdb.com/images/media/event/thumb/vj1ak61625166517.jpg
1230206,2021-10-17,Round 10,Troyes,1,Nice,0,https://www.thesportsdb.com/images/media/event/thumb/3jq28b1625166518.jpg
1230216,2021-10-22,Round 11,St Etienne,2,Angers,2,https://www.thesportsdb.com/images/media/event/thumb/11qx6u1625166523.jpg
1230208,2021-10-23,Round 11,Lille,1,Brest,1,https://www.thesportsdb.com/images/media/event/thumb/8rceqz1625166519.jpg
1230212,2021-10-23,Round 11,Nantes,2,Clermont Foot,1,https://www.thesportsdb.com/images/media/event/thumb/he4wbn1625166521.jpg
1230207,2021-10-24,Round 11,Lens,4,Metz,1,https://www.thesportsdb.com/images/media/event/thumb/pmtkko1625166518.jpg
1230209,2021-10-24,Round 11,Lorient,1,Bordeaux,1,https://www.thesportsdb.com/images/media/event/thumb/zk7cq91627321459.jpg
1230210,2021-10-24,Round 11,Marseille,0,Paris SG,0,https://www.thesportsdb.com/images/media/event/thumb/qwuqdp1625166520.jpg
1230211,2021-10-24,Round 11,Monaco,3,Montpellier,1,https://www.thesportsdb.com/images/media/event/thumb/yhu2jh1625166521.jpg
1230213,2021-10-24,Round 11,Nice,3,Lyon,2,https://www.thesportsdb.com/images/media/event/thumb/dpl89g1625166522.jpg
1230214,2021-10-24,Round 11,Stade de Reims,1,Troyes,2,https://www.thesportsdb.com/images/media/event/thumb/cq47n01625166522.jpg
1230215,2021-10-24,Round 11,Rennes,1,Strasbourg,0,https://www.thesportsdb.com/images/media/event/thumb/86xbi21625166523.jpg
1230133,2021-10-27,Round 3,Nice,1,Marseille,1,https://www.thesportsdb.com/images/media/event/thumb/djui9p1625166476.jpg
1230224,2021-10-29,Round 12,Paris SG,2,Lille,1,https://www.thesportsdb.com/images/media/event/thumb/s7sm161625166527.jpg
1230221,2021-10-30,Round 12,Lyon,2,Lens,1,https://www.thesportsdb.com/images/media/event/thumb/o6bfn01625166526.jpg
1230222,2021-10-30,Round 12,Metz,1,St Etienne,1,https://www.thesportsdb.com/images/media/event/thumb/tcddzw1625166526.jpg
1230217,2021-10-31,Round 12,Angers,1,Nice,2,https://www.thesportsdb.com/images/media/event/thumb/w5xxh61625166524.jpg
1230218,2021-10-31,Round 12,Bordeaux,3,Stade de Reims,2,https://www.thesportsdb.com/images/media/event/thumb/583mzj1627321460.jpg
1230219,2021-10-31,Round 12,Brest,2,Monaco,0,https://www.thesportsdb.com/images/media/event/thumb/y3xgk01625166525.jpg
1230220,2021-10-31,Round 12,Clermont Foot,0,Marseille,1,https://www.thesportsdb.com/images/media/event/thumb/0o3jl11625166525.jpg
1230223,2021-10-31,Round 12,Montpellier,2,Nantes,0,https://www.thesportsdb.com/images/media/event/thumb/ihpbtz1625166527.jpg
1230225,2021-10-31,Round 12,Strasbourg,4,Lorient,0,https://www.thesportsdb.com/images/media/event/thumb/poqkf71625166528.jpg
1230226,2021-10-31,Round 12,Troyes,2,Rennes,2,https://www.thesportsdb.com/images/media/event/thumb/dn67ii1625166528.jpg
1230228,2021-11-05,Round 13,Lens,4,Troyes,0,https://www.thesportsdb.com/images/media/event/thumb/picdaf1625166530.jpg
1230227,2021-11-06,Round 13,Bordeaux,2,Paris SG,3,https://www.thesportsdb.com/images/media/event/thumb/d6rwqs1627321460.jpg
1230229,2021-11-06,Round 13,Lille,1,Angers,1,https://www.thesportsdb.com/images/media/event/thumb/ausz2h1625166530.jpg
1230230,2021-11-07,Round 13,Lorient,1,Brest,2,https://www.thesportsdb.com/images/media/event/thumb/nizxsh1625166531.jpg
1230231,2021-11-07,Round 13,Marseille,0,Metz,0,https://www.thesportsdb.com/images/media/event/thumb/76vq3q1625166531.jpg
1230232,2021-11-07,Round 13,Nantes,2,Strasbourg,2,https://www.thesportsdb.com/images/media/event/thumb/4cbyhx1625166532.jpg
1230233,2021-11-07,Round 13,Nice,0,Montpellier,1,https://www.thesportsdb.com/images/media/event/thumb/5cxic91625166532.jpg
1230234,2021-11-07,Round 13,Stade de Reims,0,Monaco,0,https://www.thesportsdb.com/images/media/event/thumb/lfy3i01625166533.jpg
1230235,2021-11-07,Round 13,Rennes,4,Lyon,1,https://www.thesportsdb.com/images/media/event/thumb/lbjmzi1625166533.jpg
1230236,2021-11-07,Round 13,St Etienne,3,Clermont Foot,2,https://www.thesportsdb.com/images/media/event/thumb/qz15121625166534.jpg
1230242,2021-11-19,Round 14,Monaco,2,Lille,2,https://www.thesportsdb.com/images/media/event/thumb/f3ym7c1625166537.jpg
1230243,2021-11-20,Round 14,Paris SG,3,Nantes,1,https://www.thesportsdb.com/images/media/event/thumb/37t8g71625166537.jpg
1230244,2021-11-20,Round 14,Rennes,2,Montpellier,0,https://www.thesportsdb.com/images/media/event/thumb/2tgd2n1625166538.jpg
1230237,2021-11-21,Round 14,Angers,1,Lorient,0,https://www.thesportsdb.com/images/media/event/thumb/unm1a91625166534.jpg
1230238,2021-11-21,Round 14,Brest,4,Lens,0,https://www.thesportsdb.com/images/media/event/thumb/8jcqwo1625166535.jpg
1230239,2021-11-21,Round 14,Clermont Foot,1,Nice,2,https://www.thesportsdb.com/images/media/event/thumb/e14f6i1625166535.jpg
1230241,2021-11-21,Round 14,Metz,3,Bordeaux,3,https://www.thesportsdb.com/images/media/event/thumb/zmzkjb1627321461.jpg
1230245,2021-11-21,Round 14,Strasbourg,1,Stade de Reims,1,https://www.thesportsdb.com/images/media/event/thumb/9br8je1625166539.jpg
1230246,2021-11-21,Round 14,Troyes,0,St Etienne,1,https://www.thesportsdb.com/images/media/event/thumb/e1or081625166539.jpg
1230248,2021-11-26,Round 15,Lens,2,Angers,2,https://www.thesportsdb.com/images/media/event/thumb/0dfune1625166540.jpg
1230249,2021-11-27,Round 15,Lille,1,Nantes,1,https://www.thesportsdb.com/images/media/event/thumb/yjmnyi1625166541.jpg
1230254,2021-11-27,Round 15,Nice,0,Metz,1,https://www.thesportsdb.com/images/media/event/thumb/aanz0c1625166544.jpg
1230247,2021-11-28,Round 15,Bordeaux,1,Brest,2,https://www.thesportsdb.com/images/media/event/thumb/imxuh71627321461.jpg
1230250,2021-11-28,Round 15,Lorient,0,Rennes,2,https://www.thesportsdb.com/images/media/event/thumb/ogegy01625166541.jpg
1230251,2021-11-28,Round 15,Marseille,1,Troyes,0,https://www.thesportsdb.com/images/media/event/thumb/e9ry4c1625166542.jpg
1230252,2021-11-28,Round 15,Monaco,1,Strasbourg,1,https://www.thesportsdb.com/images/media/event/thumb/lji0j51625166542.jpg
1230253,2021-11-28,Round 15,Montpellier,0,Lyon,1,https://www.thesportsdb.com/images/media/event/thumb/scnckj1625166543.jpg
1230255,2021-11-28,Round 15,Stade de Reims,1,Clermont Foot,0,https://www.thesportsdb.com/images/media/event/thumb/sjxtdl1625166544.jpg
1230256,2021-11-28,Round 15,St Etienne,1,Paris SG,3,https://www.thesportsdb.com/images/media/event/thumb/jpxn451625166545.jpg
1230257,2021-12-01,Round 16,Angers,1,Monaco,3,https://www.thesportsdb.com/images/media/event/thumb/tahuz51625166545.jpg
1230258,2021-12-01,Round 16,Brest,1,St Etienne,0,https://www.thesportsdb.com/images/media/event/thumb/ohx7i11625166546.jpg
1230259,2021-12-01,Round 16,Clermont Foot,2,Lens,2,https://www.thesportsdb.com/images/media/event/thumb/2ibau91625166546.jpg
1230260,2021-12-01,Round 16,Lyon,1,Stade de Reims,2,https://www.thesportsdb.com/images/media/event/thumb/ctu9fv1625166547.jpg
1230261,2021-12-01,Round 16,Metz,1,Montpellier,3,https://www.thesportsdb.com/images/media/event/thumb/iwpfip1625166547.jpg
1230262,2021-12-01,Round 16,Nantes,0,Marseille,1,https://www.thesportsdb.com/images/media/event/thumb/9b0sph1625166548.jpg
1230263,2021-12-01,Round 16,Paris SG,0,Nice,0,https://www.thesportsdb.com/images/media/event/thumb/6y121p1625166548.jpg
1230264,2021-12-01,Round 16,Rennes,1,Lille,2,https://www.thesportsdb.com/images/media/event/thumb/h33vjd1625166549.jpg
1230265,2021-12-01,Round 16,Strasbourg,5,Bordeaux,2,https://www.thesportsdb.com/images/media/event/thumb/v028of1627321462.jpg
1230266,2021-12-01,Round 16,Troyes,2,Lorient,0,https://www.thesportsdb.com/images/media/event/thumb/scfpbx1625166550.jpg
1230268,2021-12-04,Round 17,Lens,1,Paris SG,1,https://www.thesportsdb.com/images/media/event/thumb/liibhz1625166551.jpg
1230269,2021-12-04,Round 17,Lille,2,Troyes,1,https://www.thesportsdb.com/images/media/event/thumb/ru7hnw1625166552.jpg
1230271,2021-12-04,Round 17,Marseille,1,Brest,2,https://www.thesportsdb.com/images/media/event/thumb/urvlxn1625166553.jpg
1230267,2021-12-05,Round 17,Bordeaux,2,Lyon,2,https://www.thesportsdb.com/images/media/event/thumb/f2xx081627321462.jpg
1230270,2021-12-05,Round 17,Lorient,0,Nantes,1,https://www.thesportsdb.com/images/media/event/thumb/hrunsv1625166553.jpg
1230272,2021-12-05,Round 17,Monaco,4,Metz,0,https://www.thesportsdb.com/images/media/event/thumb/k5h8nl1625166554.jpg
1230273,2021-12-05,Round 17,Montpellier,1,Clermont Foot,0,https://www.thesportsdb.com/images/media/event/thumb/qtu3cx1625166554.jpg
1230274,2021-12-05,Round 17,Nice,0,Strasbourg,3,https://www.thesportsdb.com/images/media/event/thumb/dqqyaf1625166555.jpg
1230275,2021-12-05,Round 17,Stade de Reims,1,Angers,2,https://www.thesportsdb.com/images/media/event/thumb/ayut6p1625166556.jpg
1230276,2021-12-05,Round 17,St Etienne,0,Rennes,5,https://www.thesportsdb.com/images/media/event/thumb/buehgy1625166556.jpg
1230281,2021-12-10,Round 18,Nantes,3,Lens,2,https://www.thesportsdb.com/images/media/event/thumb/alndfg1625166559.jpg
1230278,2021-12-11,Round 18,Brest,0,Montpellier,4,https://www.thesportsdb.com/images/media/event/thumb/94ipgl1625166557.jpg
1230283,2021-12-11,Round 18,Stade de Reims,2,St Etienne,0,https://www.thesportsdb.com/images/media/event/thumb/l90ef11625166560.jpg
1230277,2021-12-12,Round 18,Angers,0,Clermont Foot,1,https://www.thesportsdb.com/images/media/event/thumb/4ycxql1625166557.jpg
1230279,2021-12-12,Round 18,Lille,0,Lyon,0,https://www.thesportsdb.com/images/media/event/thumb/e3osk91625166558.jpg
1230280,2021-12-12,Round 18,Metz,4,Lorient,1,https://www.thesportsdb.com/images/media/event/thumb/clalvf1625166558.jpg
1230282,2021-12-12,Round 18,Paris SG,2,Monaco,0,https://www.thesportsdb.com/images/media/event/thumb/3s07301625166559.jpg
1230284,2021-12-12,Round 18,Rennes,1,Nice,2,https://www.thesportsdb.com/images/media/event/thumb/e50gwi1625166560.jpg
1230285,2021-12-12,Round 18,Strasbourg,0,Marseille,2,https://www.thesportsdb.com/images/media/event/thumb/05sxwb1625166561.jpg
1230286,2021-12-12,Round 18,Troyes,1,Bordeaux,2,https://www.thesportsdb.com/images/media/event/thumb/rhwikg1627321463.jpg
1230287,2021-12-22,Round 19,Bordeaux,2,Lille,3,https://www.thesportsdb.com/images/media/event/thumb/fr55o91627321463.jpg
1230289,2021-12-22,Round 19,Lorient,1,Paris SG,1,https://www.thesportsdb.com/images/media/event/thumb/39qdzi1625166563.jpg
1230290,2021-12-22,Round 19,Lyon,1,Metz,1,https://www.thesportsdb.com/images/media/event/thumb/d4fsdn1625166564.jpg
1230291,2021-12-22,Round 19,Marseille,1,Stade de Reims,1,https://www.thesportsdb.com/images/media/event/thumb/fpwir11625166564.jpg
1230292,2021-12-22,Round 19,Monaco,2,Rennes,1,https://www.thesportsdb.com/images/media/event/thumb/2xz1oh1625166565.jpg
1230293,2021-12-22,Round 19,Montpellier,4,Angers,1,https://www.thesportsdb.com/images/media/event/thumb/e8y1d31625166565.jpg
1230294,2021-12-22,Round 19,Nice,2,Lens,1,https://www.thesportsdb.com/images/media/event/thumb/do5a7g1625166566.jpg
1230295,2021-12-22,Round 19,St Etienne,0,Nantes,1,https://www.thesportsdb.com/images/media/event/thumb/9gy47x1625166566.jpg
1230296,2021-12-22,Round 19,Troyes,1,Brest,1,https://www.thesportsdb.com/images/media/event/thumb/uurb1u1625166567.jpg
1230298,2022-01-07,Round 20,Bordeaux,0,Marseille,1,https://www.thesportsdb.com/images/media/event/thumb/p6oqh21627321464.jpg
1230301,2022-01-08,Round 20,Lens,1,Rennes,0,https://www.thesportsdb.com/images/media/event/thumb/b8ak2s1625166570.jpg
1230299,2022-01-09,Round 20,Brest,0,Nice,3,https://www.thesportsdb.com/images/media/event/thumb/bekqvb1625166569.jpg
1230300,2022-01-09,Round 20,Clermont Foot,0,Stade de Reims,0,https://www.thesportsdb.com/images/media/event/thumb/k29xi21625166569.jpg
1230303,2022-01-09,Round 20,Lyon,1,Paris SG,1,https://www.thesportsdb.com/images/media/event/thumb/gjhpx91625166571.jpg
1230304,2022-01-09,Round 20,Metz,0,Strasbourg,2,https://www.thesportsdb.com/images/media/event/thumb/o3oqzr1625166571.jpg
1230306,2022-01-09,Round 20,Nantes,0,Monaco,0,https://www.thesportsdb.com/images/media/event/thumb/g6wyjd1625166572.jpg
1230310,2022-01-14,Round 21,Nice,2,Nantes,1,https://www.thesportsdb.com/images/media/event/thumb/zn4ygc1625166574.jpg
1230311,2022-01-15,Round 21,Paris SG,2,Brest,0,https://www.thesportsdb.com/images/media/event/thumb/faoqyy1625166575.jpg
1230314,2022-01-15,Round 21,St Etienne,1,Lens,2,https://www.thesportsdb.com/images/media/event/thumb/42chsg1625166576.jpg
1230307,2022-01-16,Round 21,Lorient,0,Angers,0,https://www.thesportsdb.com/images/media/event/thumb/jpkb6l1625166573.jpg
1230308,2022-01-16,Round 21,Marseille,1,Lille,1,https://www.thesportsdb.com/images/media/event/thumb/jvvip31625166573.jpg
1230309,2022-01-16,Round 21,Monaco,4,Clermont Foot,0,https://www.thesportsdb.com/images/media/event/thumb/795zcm1625166574.jpg
1230312,2022-01-16,Round 21,Stade de Reims,0,Metz,1,https://www.thesportsdb.com/images/media/event/thumb/vtlx7y1625166575.jpg
1230313,2022-01-16,Round 21,Rennes,6,Bordeaux,0,https://www.thesportsdb.com/images/media/event/thumb/cvd5y71627321465.jpg
1230315,2022-01-16,Round 21,Strasbourg,3,Montpellier,1,https://www.thesportsdb.com/images/media/event/thumb/9yqemr1625166577.jpg
1230316,2022-01-16,Round 21,Troyes,0,Lyon,1,https://www.thesportsdb.com/images/media/event/thumb/pumyr71625166578.jpg
1230288,2022-01-19,Round 19,Clermont Foot,0,Strasbourg,2,https://www.thesportsdb.com/images/media/event/thumb/w67cfo1625166563.jpg
1230302,2022-01-19,Round 20,Lille,3,Lorient,1,https://www.thesportsdb.com/images/media/event/thumb/mxhur21625166570.jpg
1230305,2022-01-19,Round 20,Montpellier,0,Troyes,1,https://www.thesportsdb.com/images/media/event/thumb/jhq6vp1625166572.jpg
1230322,2022-01-21,Round 22,Lyon,1,St Etienne,0,https://www.thesportsdb.com/images/media/event/thumb/yzvevb1625166581.jpg
1230319,2022-01-22,Round 22,Brest,2,Lille,0,https://www.thesportsdb.com/images/media/event/thumb/zxm7ff1625166579.jpg
1230321,2022-01-22,Round 22,Lens,0,Marseille,2,https://www.thesportsdb.com/images/media/event/thumb/v6gpw71625166580.jpg
1230317,2022-01-23,Round 22,Angers,2,Troyes,1,https://www.thesportsdb.com/images/media/event/thumb/btjcqi1625166578.jpg
1230318,2022-01-23,Round 22,Bordeaux,4,Strasbourg,3,https://www.thesportsdb.com/images/media/event/thumb/ouz3av1627321465.jpg
1230320,2022-01-23,Round 22,Clermont Foot,2,Rennes,1,https://www.thesportsdb.com/images/media/event/thumb/2b1vwh1625166580.jpg
1230323,2022-01-23,Round 22,Metz,0,Nice,2,https://www.thesportsdb.com/images/media/event/thumb/i8zs2b1625166581.jpg
1230324,2022-01-23,Round 22,Montpellier,3,Monaco,2,https://www.thesportsdb.com/images/media/event/thumb/6gzkgd1625166582.jpg
1230325,2022-01-23,Round 22,Nantes,4,Lorient,2,https://www.thesportsdb.com/images/media/event/thumb/ht09iw1625166583.jpg
1230326,2022-01-23,Round 22,Paris SG,4,Stade de Reims,0,https://www.thesportsdb.com/images/media/event/thumb/5g8w821625166583.jpg
1230297,2022-01-26,Round 20,Angers,0,St Etienne,1,https://www.thesportsdb.com/images/media/event/thumb/fi70dm1625166568.jpg
1230240,2022-02-01,Round 14,Lyon,2,Marseille,1,https://www.thesportsdb.com/images/media/event/thumb/jncjn71625166536.jpg
1230329,2022-02-04,Round 23,Marseille,5,Angers,2,https://www.thesportsdb.com/images/media/event/thumb/sqev961625166585.jpg
1230330,2022-02-05,Round 23,Monaco,2,Lyon,0,https://www.thesportsdb.com/images/media/event/thumb/6n1tb51625166585.jpg
1230334,2022-02-05,Round 23,St Etienne,3,Montpellier,1,https://www.thesportsdb.com/images/media/event/thumb/p3bgng1625166587.jpg
1230336,2022-02-06,Round 23,Troyes,0,Metz,0,https://www.thesportsdb.com/images/media/event/thumb/vmlzom1625166589.jpg
1230327,2022-02-06,Round 23,Lille,1,Paris SG,5,https://www.thesportsdb.com/images/media/event/thumb/mb4ggq1625166584.jpg
1230328,2022-02-06,Round 23,Lorient,2,Lens,0,https://www.thesportsdb.com/images/media/event/thumb/nmb0101625166584.jpg
1230331,2022-02-06,Round 23,Nice,0,Clermont Foot,1,https://www.thesportsdb.com/images/media/event/thumb/5uyv8u1625166586.jpg
1230332,2022-02-06,Round 23,Stade de Reims,5,Bordeaux,0,https://www.thesportsdb.com/images/media/event/thumb/p62elk1627321466.jpg
1230333,2022-02-06,Round 23,Rennes,2,Brest,0,https://www.thesportsdb.com/images/media/event/thumb/1kqbpr1625166587.jpg
1230335,2022-02-06,Round 23,Strasbourg,1,Nantes,0,https://www.thesportsdb.com/images/media/event/thumb/46crzj1625166588.jpg
1230346,2022-02-11,Round 24,Paris SG,1,Rennes,0,https://www.thesportsdb.com/images/media/event/thumb/yxgh781625166594.jpg
1230341,2022-02-12,Round 24,Lyon,2,Nice,0,https://www.thesportsdb.com/images/media/event/thumb/dxkfsh1625166591.jpg
1230344,2022-02-12,Round 24,Montpellier,0,Lille,1,https://www.thesportsdb.com/images/media/event/thumb/xkp68b1625166593.jpg
1230337,2022-02-13,Round 24,Angers,0,Strasbourg,1,https://www.thesportsdb.com/images/media/event/thumb/2b3wbe1625166589.jpg
1230338,2022-02-13,Round 24,Brest,5,Troyes,1,https://www.thesportsdb.com/images/media/event/thumb/wtv0471625166590.jpg
1230339,2022-02-13,Round 24,Clermont Foot,1,St Etienne,2,https://www.thesportsdb.com/images/media/event/thumb/3sx90r1625166590.jpg
1230340,2022-02-13,Round 24,Lens,3,Bordeaux,2,https://www.thesportsdb.com/images/media/event/thumb/eul9kv1627321466.jpg
1230342,2022-02-13,Round 24,Metz,1,Marseille,2,https://www.thesportsdb.com/images/media/event/thumb/2uucqv1625166592.jpg
1230343,2022-02-13,Round 24,Monaco,0,Lorient,0,https://www.thesportsdb.com/images/media/event/thumb/43n7cf1625166592.jpg
1230345,2022-02-13,Round 24,Nantes,1,Stade de Reims,0,https://www.thesportsdb.com/images/media/event/thumb/xynm6a1625166594.jpg
1230349,2022-02-18,Round 25,Lille,0,Metz,0,https://www.thesportsdb.com/images/media/event/thumb/5pmltr1625166596.jpg
1230348,2022-02-19,Round 25,Lens,1,Lyon,1,https://www.thesportsdb.com/images/media/event/thumb/9rqhmo1625166595.jpg
1230352,2022-02-19,Round 25,Nantes,3,Paris SG,1,https://www.thesportsdb.com/images/media/event/thumb/sttgrg1625166598.jpg
1230347,2022-02-20,Round 25,Bordeaux,1,Monaco,1,https://www.thesportsdb.com/images/media/event/thumb/aroxs01627321467.jpg
1230350,2022-02-20,Round 25,Lorient,0,Montpellier,1,https://www.thesportsdb.com/images/media/event/thumb/bm8tvi1625166597.jpg
1230351,2022-02-20,Round 25,Marseille,0,Clermont Foot,2,https://www.thesportsdb.com/images/media/event/thumb/b86g7u1625166597.jpg
1230353,2022-02-20,Round 25,Nice,1,Angers,0,https://www.thesportsdb.com/images/media/event/thumb/wd4lcx1625166598.jpg
1230354,2022-02-20,Round 25,Stade de Reims,1,Brest,1,https://www.thesportsdb.com/images/media/event/thumb/paw4fb1625166599.jpg
1230355,2022-02-20,Round 25,Rennes,4,Troyes,1,https://www.thesportsdb.com/images/media/event/thumb/abl4x31625166599.jpg
1230356,2022-02-20,Round 25,St Etienne,2,Strasbourg,2,https://www.thesportsdb.com/images/media/event/thumb/pfs7wj1625166600.jpg
1230363,2022-02-25,Round 26,Montpellier,2,Rennes,4,https://www.thesportsdb.com/images/media/event/thumb/hzgmtb1625166603.jpg
1230364,2022-02-26,Round 26,Paris SG,3,St Etienne,1,https://www.thesportsdb.com/images/media/event/thumb/hlbw9r1625166604.jpg
1230365,2022-02-26,Round 26,Strasbourg,0,Nice,0,https://www.thesportsdb.com/images/media/event/thumb/rg3f2s1625166605.jpg
1230357,2022-02-27,Round 26,Angers,1,Lens,2,https://www.thesportsdb.com/images/media/event/thumb/s066zx1625166600.jpg
1230358,2022-02-27,Round 26,Brest,0,Lorient,1,https://www.thesportsdb.com/images/media/event/thumb/l5y3zu1625166601.jpg
1230359,2022-02-27,Round 26,Clermont Foot,1,Bordeaux,1,https://www.thesportsdb.com/images/media/event/thumb/xtp7fg1627321467.jpg
1230360,2022-02-27,Round 26,Lyon,0,Lille,1,https://www.thesportsdb.com/images/media/event/thumb/plotvg1625166602.jpg
1230361,2022-02-27,Round 26,Metz,0,Nantes,0,https://www.thesportsdb.com/images/media/event/thumb/2qvozb1625166603.jpg
1230362,2022-02-27,Round 26,Monaco,1,Stade de Reims,2,https://www.thesportsdb.com/images/media/event/thumb/1ejdbu1625166603.jpg
1230366,2022-02-27,Round 26,Troyes,1,Marseille,1,https://www.thesportsdb.com/images/media/event/thumb/9sizm01625166605.jpg
1230370,2022-03-04,Round 27,Lorient,1,Lyon,4,https://www.thesportsdb.com/images/media/event/thumb/htqk941625166607.jpg
1230368,2022-03-05,Round 27,Lens,0,Brest,1,https://www.thesportsdb.com/images/media/event/thumb/0sx0ty1625166606.jpg
1230373,2022-03-05,Round 27,Nice,1,Paris SG,0,https://www.thesportsdb.com/images/media/event/thumb/exqpes1625166609.jpg
1230367,2022-03-06,Round 27,Bordeaux,0,Troyes,2,https://www.thesportsdb.com/images/media/event/thumb/fpx6hf1627321468.jpg
1230369,2022-03-06,Round 27,Lille,4,Clermont Foot,0,https://www.thesportsdb.com/images/media/event/thumb/z3gy1q1625166607.jpg
1230371,2022-03-06,Round 27,Marseille,0,Monaco,1,https://www.thesportsdb.com/images/media/event/thumb/vf70131625166608.jpg
1230372,2022-03-06,Round 27,Nantes,2,Montpellier,0,https://www.thesportsdb.com/images/media/event/thumb/jjs73n1625166608.jpg
1230374,2022-03-06,Round 27,Stade de Reims,1,Strasbourg,1,https://www.thesportsdb.com/images/media/event/thumb/qp0pgd1625166610.jpg
1230375,2022-03-06,Round 27,Rennes,2,Angers,0,https://www.thesportsdb.com/images/media/event/thumb/pjjf7j1625166610.jpg
1230376,2022-03-06,Round 27,St Etienne,1,Metz,0,https://www.thesportsdb.com/images/media/event/thumb/r23pky1625166611.jpg
1230380,2022-03-11,Round 28,Lille,0,St Etienne,0,https://www.thesportsdb.com/images/media/event/thumb/k1jf0q1625166613.jpg
1230383,2022-03-12,Round 28,Montpellier,0,Nice,0,https://www.thesportsdb.com/images/media/event/thumb/v51ecn1625166614.jpg
1230386,2022-03-12,Round 28,Troyes,1,Nantes,0,https://www.thesportsdb.com/images/media/event/thumb/i3e3xx1625166616.jpg
1230377,2022-03-13,Round 28,Angers,0,Stade de Reims,1,https://www.thesportsdb.com/images/media/event/thumb/xh6t1w1625166611.jpg
1230378,2022-03-13,Round 28,Brest,1,Marseille,4,https://www.thesportsdb.com/images/media/event/thumb/dbwjne1625166612.jpg
1230379,2022-03-13,Round 28,Clermont Foot,0,Lorient,2,https://www.thesportsdb.com/images/media/event/thumb/sh9mov1625166612.jpg
1230381,2022-03-13,Round 28,Lyon,2,Rennes,4,https://www.thesportsdb.com/images/media/event/thumb/d7e8w21625166613.jpg
1230382,2022-03-13,Round 28,Metz,0,Lens,0,https://www.thesportsdb.com/images/media/event/thumb/ghfaj11625166614.jpg
1230384,2022-03-13,Round 28,Paris SG,3,Bordeaux,0,https://www.thesportsdb.com/images/media/event/thumb/4rvxt81627321468.jpg
1230385,2022-03-13,Round 28,Strasbourg,1,Monaco,0,https://www.thesportsdb.com/images/media/event/thumb/xkew2y1625166616.jpg
1230396,2022-03-18,Round 29,St Etienne,1,Troyes,1,https://www.thesportsdb.com/images/media/event/thumb/ag31bx1625166621.jpg
1230389,2022-03-19,Round 29,Lens,3,Clermont Foot,1,https://www.thesportsdb.com/images/media/event/thumb/taq6j51625166618.jpg
1230393,2022-03-19,Round 29,Nantes,0,Lille,1,https://www.thesportsdb.com/images/media/event/thumb/ds45kt1625166620.jpg
1230387,2022-03-20,Round 29,Angers,1,Brest,0,https://www.thesportsdb.com/images/media/event/thumb/56fg5e1625166617.jpg
1230388,2022-03-20,Round 29,Bordeaux,0,Montpellier,2,https://www.thesportsdb.com/images/media/event/thumb/rmvttr1627321469.jpg
1230390,2022-03-20,Round 29,Lorient,0,Strasbourg,0,https://www.thesportsdb.com/images/media/event/thumb/e8okyq1625166618.jpg
1230391,2022-03-20,Round 29,Marseille,2,Nice,1,https://www.thesportsdb.com/images/media/event/thumb/tvrdsh1625166619.jpg
1230392,2022-03-20,Round 29,Monaco,3,Paris SG,0,https://www.thesportsdb.com/images/media/event/thumb/d67nol1625166619.jpg
1230394,2022-03-20,Round 29,Stade de Reims,0,Lyon,0,https://www.thesportsdb.com/images/media/event/thumb/t0zi6h1625166620.jpg
1230395,2022-03-20,Round 29,Rennes,6,Metz,1,https://www.thesportsdb.com/images/media/event/thumb/ic5mxw1625166621.jpg
1230398,2022-04-02,Round 30,Lille,0,Bordeaux,0,https://www.thesportsdb.com/images/media/event/thumb/5tfg0j1627321469.jpg
1230402,2022-04-02,Round 30,Nice,1,Rennes,1,https://www.thesportsdb.com/images/media/event/thumb/wt6r221625166624.jpg
1230397,2022-04-03,Round 30,Clermont Foot,2,Nantes,3,https://www.thesportsdb.com/images/media/event/thumb/7tvtvk1625166622.jpg
1230399,2022-04-03,Round 30,Lyon,3,Angers,2,https://www.thesportsdb.com/images/media/event/thumb/nxeyi71625166623.jpg
1230400,2022-04-03,Round 30,Metz,1,Monaco,2,https://www.thesportsdb.com/images/media/event/thumb/a88a411625166623.jpg
1230401,2022-04-03,Round 30,Montpellier,1,Brest,2,https://www.thesportsdb.com/images/media/event/thumb/upd2ks1625166624.jpg
1230403,2022-04-03,Round 30,Paris SG,5,Lorient,1,https://www.thesportsdb.com/images/media/event/thumb/bex84k1625166625.jpg
1230404,2022-04-03,Round 30,St Etienne,2,Marseille,4,https://www.thesportsdb.com/images/media/event/thumb/wh72hy1625166626.jpg
1230405,2022-04-03,Round 30,Strasbourg,1,Lens,0,https://www.thesportsdb.com/images/media/event/thumb/dc99wo1625166626.jpg
1230406,2022-04-03,Round 30,Troyes,1,Stade de Reims,0,https://www.thesportsdb.com/images/media/event/thumb/hx35r51625166627.jpg
1230412,2022-04-08,Round 31,Lorient,6,St Etienne,2,https://www.thesportsdb.com/images/media/event/thumb/xaw2l41625166630.jpg
1230410,2022-04-09,Round 31,Clermont Foot,1,Paris SG,6,https://www.thesportsdb.com/images/media/event/thumb/7f8h3h1625166629.jpg
1230415,2022-04-09,Round 31,Stade de Reims,2,Rennes,3,https://www.thesportsdb.com/images/media/event/thumb/s4oukb1625166631.jpg
1230407,2022-04-10,Round 31,Angers,1,Lille,1,https://www.thesportsdb.com/images/media/event/thumb/bvylew1625166627.jpg
1230408,2022-04-10,Round 31,Bordeaux,3,Metz,1,https://www.thesportsdb.com/images/media/event/thumb/zyasjd1627321470.jpg
1230409,2022-04-10,Round 31,Brest,1,Nantes,1,https://www.thesportsdb.com/images/media/event/thumb/dliszw1625166628.jpg
1230411,2022-04-10,Round 31,Lens,3,Nice,0,https://www.thesportsdb.com/images/media/event/thumb/fqiavs1625166629.jpg
1230413,2022-04-10,Round 31,Marseille,2,Montpellier,0,https://www.thesportsdb.com/images/media/event/thumb/g3i2zb1625166630.jpg
1230414,2022-04-10,Round 31,Monaco,2,Troyes,1,https://www.thesportsdb.com/images/media/event/thumb/cnqk2p1625166631.jpg
1230416,2022-04-10,Round 31,Strasbourg,1,Lyon,1,https://www.thesportsdb.com/images/media/event/thumb/ldn2qf1625166632.jpg
1230424,2022-04-15,Round 32,Rennes,2,Monaco,3,https://www.thesportsdb.com/images/media/event/thumb/i169ao1625166636.jpg
1230417,2022-04-16,Round 32,Lille,1,Lens,2,https://www.thesportsdb.com/images/media/event/thumb/0sqfet1625166633.jpg
1230425,2022-04-16,Round 32,St Etienne,2,Brest,1,https://www.thesportsdb.com/images/media/event/thumb/yxw7wc1625166637.jpg
1230418,2022-04-17,Round 32,Lyon,6,Bordeaux,1,https://www.thesportsdb.com/images/media/event/thumb/prmenm1627321470.jpg
1230419,2022-04-17,Round 32,Metz,1,Clermont Foot,1,https://www.thesportsdb.com/images/media/event/thumb/u7634x1625166634.jpg
1230420,2022-04-17,Round 32,Montpellier,0,Stade de Reims,0,https://www.thesportsdb.com/images/media/event/thumb/azx99z1625166634.jpg
1230421,2022-04-17,Round 32,Nantes,1,Angers,1,https://www.thesportsdb.com/images/media/event/thumb/u54vp71625166635.jpg
1230422,2022-04-17,Round 32,Nice,2,Lorient,1,https://www.thesportsdb.com/images/media/event/thumb/6ngtgg1625166635.jpg
1230423,2022-04-17,Round 32,Paris SG,2,Marseille,1,https://www.thesportsdb.com/images/media/event/thumb/2qddrk1625166636.jpg
1230426,2022-04-17,Round 32,Troyes,1,Strasbourg,1,https://www.thesportsdb.com/images/media/event/thumb/9nbwuy1625166637.jpg
1230427,2022-04-20,Round 33,Angers,0,Paris SG,3,https://www.thesportsdb.com/images/media/event/thumb/c1wmq71625166638.jpg
1230428,2022-04-20,Round 33,Bordeaux,2,St Etienne,2,https://www.thesportsdb.com/images/media/event/thumb/6471t31627321471.jpg
1230429,2022-04-20,Round 33,Brest,2,Lyon,1,https://www.thesportsdb.com/images/media/event/thumb/jtc0mk1625166639.jpg
1230430,2022-04-20,Round 33,Lens,2,Montpellier,0,https://www.thesportsdb.com/images/media/event/thumb/d744c51625166640.jpg
1230431,2022-04-20,Round 33,Lorient,1,Metz,0,https://www.thesportsdb.com/images/media/event/thumb/yghn5c1625166640.jpg
1230432,2022-04-20,Round 33,Marseille,3,Nantes,2,https://www.thesportsdb.com/images/media/event/thumb/sqxnl71625166641.jpg
1230433,2022-04-20,Round 33,Monaco,1,Nice,0,https://www.thesportsdb.com/images/media/event/thumb/uftw3m1625166641.jpg
1230434,2022-04-20,Round 33,Stade de Reims,2,Lille,1,https://www.thesportsdb.com/images/media/event/thumb/kvk1z31625166642.jpg
1230435,2022-04-20,Round 33,Strasbourg,2,Rennes,1,https://www.thesportsdb.com/images/media/event/thumb/4i2hl71625166642.jpg
1230436,2022-04-20,Round 33,Troyes,0,Clermont Foot,1,https://www.thesportsdb.com/images/media/event/thumb/w957og1625166643.jpg
1230439,2022-04-23,Round 34,Lyon,5,Montpellier,2,https://www.thesportsdb.com/images/media/event/thumb/jfuw691625166644.jpg
1230443,2022-04-23,Round 34,Paris SG,1,Lens,1,https://www.thesportsdb.com/images/media/event/thumb/g29ban1625166646.jpg
1230446,2022-04-23,Round 34,St Etienne,1,Monaco,4,https://www.thesportsdb.com/images/media/event/thumb/tvebs71625166648.jpg
1230437,2022-04-24,Round 34,Clermont Foot,2,Angers,2,https://www.thesportsdb.com/images/media/event/thumb/3gu6f51625166643.jpg
1230438,2022-04-24,Round 34,Lille,1,Strasbourg,0,https://www.thesportsdb.com/images/media/event/thumb/jf1lev1625166644.jpg
1230440,2022-04-24,Round 34,Metz,0,Brest,1,https://www.thesportsdb.com/images/media/event/thumb/r60b0p1625166645.jpg
1230441,2022-04-24,Round 34,Nantes,5,Bordeaux,3,https://www.thesportsdb.com/images/media/event/thumb/mwgpja1627321471.jpg
1230442,2022-04-24,Round 34,Nice,1,Troyes,0,https://www.thesportsdb.com/images/media/event/thumb/jbknhz1625166646.jpg
1230444,2022-04-24,Round 34,Stade de Reims,0,Marseille,1,https://www.thesportsdb.com/images/media/event/thumb/buxk831625166647.jpg
1230445,2022-04-24,Round 34,Rennes,5,Lorient,0,https://www.thesportsdb.com/images/media/event/thumb/k924r91625166647.jpg
1230455,2022-04-29,Round 35,Strasbourg,3,Paris SG,3,https://www.thesportsdb.com/images/media/event/thumb/b4upaw1625166653.jpg
1230449,2022-04-30,Round 35,Lens,2,Nantes,2,https://www.thesportsdb.com/images/media/event/thumb/v9s8zo1625166649.jpg
1230454,2022-04-30,Round 35,Rennes,2,St Etienne,0,https://www.thesportsdb.com/images/media/event/thumb/lhkzlq1625166652.jpg
1230447,2022-05-01,Round 35,Bordeaux,0,Nice,1,https://www.thesportsdb.com/images/media/event/thumb/5jhkzu1627321472.jpg
1230448,2022-05-01,Round 35,Brest,2,Clermont Foot,0,https://www.thesportsdb.com/images/media/event/thumb/qhpw571625166649.jpg
1230450,2022-05-01,Round 35,Lorient,1,Stade de Reims,2,https://www.thesportsdb.com/images/media/event/thumb/mv92cq1625166650.jpg
1230451,2022-05-01,Round 35,Marseille,0,Lyon,3,https://www.thesportsdb.com/images/media/event/thumb/vtu3fl1625166650.jpg
1230452,2022-05-01,Round 35,Monaco,2,Angers,0,https://www.thesportsdb.com/images/media/event/thumb/0hmzm11625166651.jpg
1230453,2022-05-01,Round 35,Montpellier,2,Metz,2,https://www.thesportsdb.com/images/media/event/thumb/6rc4xu1625166651.jpg
1230456,2022-05-01,Round 35,Troyes,3,Lille,0,https://www.thesportsdb.com/images/media/event/thumb/ffjvpq1625166653.jpg
1230460,2022-05-06,Round 36,Lille,1,Monaco,2,https://www.thesportsdb.com/images/media/event/thumb/2b88ka1625166656.jpg
1230458,2022-05-07,Round 36,Brest,0,Strasbourg,1,https://www.thesportsdb.com/images/media/event/thumb/2v6em41625166655.jpg
1230457,2022-05-08,Round 36,Angers,4,Bordeaux,1,https://www.thesportsdb.com/images/media/event/thumb/an92ow1627321472.jpg
1230459,2022-05-08,Round 36,Clermont Foot,2,Montpellier,1,https://www.thesportsdb.com/images/media/event/thumb/f4qhsa1625166655.jpg
1230461,2022-05-08,Round 36,Lorient,0,Marseille,3,https://www.thesportsdb.com/images/media/event/thumb/gjx2n41625166657.jpg
1230462,2022-05-08,Round 36,Metz,3,Lyon,2,https://www.thesportsdb.com/images/media/event/thumb/ydx0za1625166657.jpg
1230465,2022-05-08,Round 36,Paris SG,2,Troyes,2,https://www.thesportsdb.com/images/media/event/thumb/4a31ah1625166659.jpg
1230466,2022-05-08,Round 36,Stade de Reims,1,Lens,2,https://www.thesportsdb.com/images/media/event/thumb/xwwehq1625166659.jpg
1230463,2022-05-11,Round 36,Nantes,2,Rennes,1,https://www.thesportsdb.com/images/media/event/thumb/43eoki1625166658.jpg
1230464,2022-05-11,Round 36,Nice,4,St Etienne,2,https://www.thesportsdb.com/images/media/event/thumb/nnrc261625166658.jpg
1230467,2022-05-14,Round 37,Bordeaux,0,Lorient,0,https://www.thesportsdb.com/images/media/event/thumb/tojpgf1627321473.jpg
1230468,2022-05-14,Round 37,Lyon,3,Nantes,2,https://www.thesportsdb.com/images/media/event/thumb/dmcwyr1625166660.jpg
1230469,2022-05-14,Round 37,Metz,1,Angers,0,https://www.thesportsdb.com/images/media/event/thumb/omfqao1625166661.jpg
1230470,2022-05-14,Round 37,Monaco,4,Brest,2,https://www.thesportsdb.com/images/media/event/thumb/rw6iz91625166661.jpg
1230471,2022-05-14,Round 37,Montpellier,0,Paris SG,4,https://www.thesportsdb.com/images/media/event/thumb/sfswn61625166662.jpg
1230472,2022-05-14,Round 37,Nice,1,Lille,3,https://www.thesportsdb.com/images/media/event/thumb/f7k4na1625166662.jpg
1230473,2022-05-14,Round 37,Rennes,2,Marseille,0,https://www.thesportsdb.com/images/media/event/thumb/j2bs9p1625166663.jpg
1230474,2022-05-14,Round 37,St Etienne,1,Stade de Reims,2,https://www.thesportsdb.com/images/media/event/thumb/sglt111625166664.jpg
1230475,2022-05-14,Round 37,Strasbourg,1,Clermont Foot,0,https://www.thesportsdb.com/images/media/event/thumb/u3yd671625166664.jpg
1230476,2022-05-14,Round 37,Troyes,1,Lens,3,https://www.thesportsdb.com/images/media/event/thumb/4awuby1625166665.jpg
1230477,2022-05-21,Round 38,Angers,2,Montpellier,0,https://www.thesportsdb.com/images/media/event/thumb/dbc1d81625166665.jpg
1230478,2022-05-21,Round 38,Brest,2,Bordeaux,4,https://www.thesportsdb.com/images/media/event/thumb/jwiftz1627321473.jpg
1230479,2022-05-21,Round 38,Clermont Foot,1,Lyon,2,https://www.thesportsdb.com/images/media/event/thumb/c4pi211625166666.jpg
1230480,2022-05-21,Round 38,Lens,2,Monaco,2,https://www.thesportsdb.com/images/media/event/thumb/98jknh1625166667.jpg
1230481,2022-05-21,Round 38,Lille,2,Rennes,2,https://www.thesportsdb.com/images/media/event/thumb/dkyw311625166667.jpg
1230482,2022-05-21,Round 38,Lorient,1,Troyes,1,https://www.thesportsdb.com/images/media/event/thumb/8wdjkq1625166668.jpg
1230483,2022-05-21,Round 38,Marseille,4,Strasbourg,0,https://www.thesportsdb.com/images/media/event/thumb/hjbu5q1625166668.jpg
1230484,2022-05-21,Round 38,Nantes,1,St Etienne,1,https://www.thesportsdb.com/images/media/event/thumb/pja2k61625166669.jpg
1230485,2022-05-21,Round 38,Paris SG,5,Metz,0,https://www.thesportsdb.com/images/media/event/thumb/boksah1625166669.jpg
1230486,2022-05-21,Round 38,Stade de Reims,2,Nice,3,https://www.thesportsdb.com/images/media/event/thumb/k7r9po1625166670.jpg
